name,surname,patronymic,phone,status
Евсеевич,Аполлинарий,Третьяков,+7 696 588 35 34,занят
Зинаида,Колобова,Алексеевна,83283463807,свободен
Надежда,Комиссарова,Мироновна,+7 181 267 31 23,свободен
Ивановна,Оксана,Коновалова,8 (171) 534-2807,свободен
Адрианович,Вадим,Орлов,8 (258) 350-6648,свободен
Захаровна,Людмила,Никифорова,8 796 238 6456,занят
Валериевна,Иванна,Андреева,8 091 844 60 45,в пути
Тимофеевна,Светлана,Кошелева,+74206790970,в пути
Архиповна,Лукия,Кошелева,8 (661) 295-0156,свободен
Ермолаевич,Спиридон,Зайцев,8 128 435 8280,занят
Пантелеймон,Большаков,Эдгарович,+7 (549) 482-0711,занят
Антонина,Агафонова,Святославовна,8 952 434 34 75,занят
Сергеевна,Кира,Быкова,+7 (364) 830-78-66,свободен
Евстигнеевич,Федот,Коновалов,8 545 864 9417,свободен
Артемьевич,Феоктист,Сазонов,+7 636 390 2775,в пути
Иван,Анисимов,Владиславович,8 818 937 8895,в пути
Ниловна,Вера,Маркова,+7 (387) 025-5802,в пути
Руслановна,Антонина,Анисимова,8 (088) 831-11-52,в пути
Герасимович,Демьян,Кулагин,8 048 882 02 52,в пути
Варвара,Горшкова,Аскольдовна,+79186314428,свободен
Каллистрат,Хохлов,Владиленович,+7 740 597 08 00,в пути
Серафим,Мухин,Юлианович,+7 181 368 0225,в пути
Венедикт,Виноградов,Филиппович,+7 532 725 2442,занят
Олимпиада,Гущина,Оскаровна,8 150 789 5967,свободен
Харлампьевич,Герман,Субботин,+75083969540,в пути
Валерьевич,Панфил,Орехов,8 687 034 41 66,свободен
Устинович,Аверьян,Меркушев,8 (747) 418-30-73,в пути
Ерофеевич,Кондрат,Королев,8 564 877 8565,занят
Геннадий,Киселев,Феодосьевич,+7 (424) 816-10-07,в пути
Тарасович,Ферапонт,Галкин,+7 523 435 7850,свободен
Всеволодович,Варлаам,Голубев,8 (825) 022-07-75,свободен
Светлана,Петухова,Леонидовна,8 (898) 875-0321,занят
Архиповна,Раиса,Баранова,+7 (211) 878-9156,в пути
Зоя,Белоусова,Аскольдовна,+7 289 540 72 72,свободен
Евлампий,Виноградов,Артемьевич,+7 (233) 678-1933,свободен
Эдгардович,Гаврила,Никифоров,8 (700) 389-6594,свободен
Феофанович,Кондрат,Федотов,+7 317 892 3150,свободен
Януарий,Муравьев,Феликсович,8 (095) 838-64-64,занят
Богдановна,Анжела,Захарова,8 (037) 999-31-96,свободен
Кузьма,Бобылев,Власович,+7 (497) 977-47-44,свободен
Ирина,Рыбакова,Геннадиевна,+78564474885,занят
Геннадьевна,Лидия,Стрелкова,+7 634 601 53 07,в пути
Филиппович,Фома,Белоусов,+7 (187) 587-9391,занят
Анжелика,Лебедева,Ждановна,+7 401 785 7979,занят
Стоян,Евдокимов,Эдгардович,+7 (514) 191-5694,занят
Милен,Большаков,Трофимович,8 (639) 794-1401,в пути
Капитон,Емельянов,Харлампьевич,8 (374) 823-08-10,в пути
Евстигнеевич,Афанасий,Воробьев,8 103 563 5901,занят
Павловна,Эмилия,Артемьева,+7 532 082 5502,занят
Лидия,Силина,Геннадьевна,+75825675694,в пути
Борисовна,Тамара,Матвеева,8 295 476 4202,занят
Марфа,Комиссарова,Святославовна,+79692679111,занят
Изяслав,Фадеев,Филатович,+72217159023,в пути
Наум,Русаков,Ефремович,8 387 074 5322,свободен
Руслановна,Любовь,Федорова,+7 015 942 31 34,свободен
Август,Устинов,Жоресович,+7 589 986 4851,занят
Алексеевна,Таисия,Савина,+7 (091) 190-9022,в пути
Ювеналий,Гуляев,Владленович,+7 (078) 698-8852,занят
Владимировна,Олимпиада,Коновалова,8 (542) 896-7488,в пути
Харитоновна,Надежда,Павлова,8 333 015 2487,занят
Афанасьевич,Фадей,Хохлов,+7 579 107 1451,свободен
Максимовна,Кира,Бирюкова,84502534452,занят
Натановна,Оксана,Гуляева,8 (179) 966-44-15,в пути
Юлия,Носкова,Макаровна,83714984451,занят
Агата,Орехова,Семеновна,8 (444) 009-92-07,свободен
Феофан,Соболев,Еремеевич,+7 625 810 73 44,занят
Оксана,Мясникова,Робертовна,+7 (492) 012-56-72,свободен
Лариса,Новикова,Дмитриевна,86310814750,занят
Еремеевич,Аполлон,Калашников,+7 (947) 889-9687,свободен
Устинович,Владлен,Шашков,+72191653967,свободен
Кира,Фомичева,Павловна,8 (102) 153-98-66,свободен
Федотович,Артем,Давыдов,+73298752234,в пути
Борисовна,Майя,Кузнецова,83139081891,занят
Таисия,Селиверстова,Владиславовна,+71418816073,свободен
Ксения,Боброва,Леонидовна,8 030 286 29 05,свободен
Фёкла,Горбачева,Петровна,+7 (837) 956-71-26,свободен
Харитонович,Изот,Фадеев,+7 (049) 886-59-26,занят
Тихон,Анисимов,Валерьевич,8 (299) 707-9528,занят
Ия,Филатова,Юльевна,8 (986) 655-86-07,занят
Эдуардовна,Лора,Муравьева,8 177 580 8648,занят
Таисия,Михеева,Семеновна,+7 018 080 51 31,занят
Максимильян,Прохоров,Ааронович,8 982 031 79 52,занят
Степановна,Людмила,Щукина,+7 600 954 0850,свободен
Валериевна,Мария,Трофимова,+74989835720,в пути
Эдуардовна,Синклитикия,Васильева,8 (659) 534-80-81,свободен
Ефремович,Казимир,Кузьмин,8 296 809 94 92,свободен
Лев,Мамонтов,Валерианович,8 670 594 15 27,свободен
Эдуардовна,Евгения,Куликова,+7 (057) 782-85-00,в пути
Ярославович,Никодим,Зимин,80544058955,свободен
Леонтий,Кошелев,Тимурович,+7 (436) 368-09-00,свободен
Ануфриевич,Арефий,Лебедев,+78257435467,в пути
Борисовна,Анна,Игнатова,+71221757788,свободен
Алла,Тимофеева,Матвеевна,8 987 141 99 08,свободен
Львовна,Полина,Белова,+7 414 140 00 01,в пути
Алевтина,Носова,Рубеновна,+7 (840) 214-96-08,в пути
Раиса,Кондратьева,Семеновна,+74121860487,свободен
Демьян,Пестов,Ануфриевич,8 (518) 975-7337,свободен
Никита,Данилов,Якубович,+7 840 982 63 07,свободен
Матвеевна,Татьяна,Панфилова,+7 461 568 1886,свободен
Жоресович,Валентин,Самойлов,+7 249 026 6284,свободен
Анжела,Степанова,Ниловна,8 636 485 43 33,в пути
Элеонора,Попова,Богдановна,+7 (107) 938-4279,занят
Вениаминовна,Олимпиада,Бирюкова,84743281960,в пути
Соловьева,тов.,Евгения,8 085 250 71 92,занят
Тимуровна,Таисия,Бирюкова,+7 (533) 169-42-04,занят
Фокич,Федот,Крюков,+7 704 884 83 15,занят
Казимир,Соколов,Ермолаевич,+74307062587,в пути
Венедиктович,Феоктист,Куликов,+7 (378) 608-29-04,в пути
Рубеновна,Майя,Зыкова,81507139693,в пути
Твердислав,Русаков,Богданович,8 505 469 63 63,занят
Георгиевич,Святослав,Кондратьев,+7 614 015 08 87,свободен
Фролов,г-н,Харлампий,+74122795095,в пути
Денисович,Пантелеймон,Вишняков,8 723 507 4694,занят
Алевтина,Константинова,Романовна,8 182 093 5275,свободен
Евпраксия,Жукова,Семеновна,8 621 673 7003,занят
Лев,Мамонтов,Гертрудович,+77569837831,занят
Данилович,Феофан,Федосеев,+79767873455,свободен
Трифон,Крюков,Федотович,8 061 791 76 97,в пути
Оксана,Лазарева,Игоревна,81227129444,занят
Наумовна,Октябрина,Силина,+7 527 619 05 24,в пути
Некрасов,тов.,Савватий,8 (789) 659-1729,занят
Жанна,Белоусова,Валериевна,8 (124) 987-26-39,занят
Ниловна,Агата,Боброва,8 629 069 4380,свободен
Гурьевич,Мирослав,Карпов,8 698 195 0728,свободен
Болеслав,Комаров,Демьянович,8 249 446 33 70,в пути
Лидия,Денисова,Эльдаровна,+7 (480) 186-3680,занят
Иосифович,Адам,Шарапов,8 (601) 941-6641,в пути
Робертовна,Антонина,Лазарева,+75096425176,в пути
Леонидовна,Елена,Симонова,+7 (382) 007-88-54,свободен
Акулина,Соловьева,Болеславовна,89533659197,свободен
Зинаида,Казакова,Григорьевна,8 656 630 1318,свободен
Сигизмунд,Агафонов,Юльевич,8 (888) 662-4781,свободен
Громов,г-н,Прохор,+7 (801) 583-70-59,в пути
Вадимовна,Маргарита,Боброва,8 734 382 70 37,свободен
Терентьевич,Яков,Тимофеев,+7 (561) 803-3258,в пути
Архиповна,Ия,Анисимова,82025041579,свободен
Кир,Крылов,Юльевич,8 799 692 1883,в пути
Федоровна,Вера,Кузьмина,+7 419 244 58 30,занят
Дементий,Новиков,Фокич,8 490 940 9600,занят
Дмитриевна,Клавдия,Новикова,+7 (855) 328-79-51,свободен
Аскольдовна,Валентина,Миронова,+7 134 800 2042,свободен
Робертовна,Октябрина,Белоусова,8 (527) 035-2399,свободен
Антонина,Князева,Семеновна,+7 (934) 584-4919,в пути
Эмилия,Гордеева,Григорьевна,8 (607) 052-94-63,в пути
Бенедиктович,Никифор,Зыков,+7 (710) 659-3593,занят
Марфа,Меркушева,Наумовна,+75264054483,в пути
Борисовна,Акулина,Ситникова,+7 826 571 0945,свободен
Назар,Герасимов,Марсович,+7 101 099 8337,занят
Феофанович,Ювеналий,Веселов,+7 (773) 175-49-09,занят
Антипович,Филарет,Кириллов,+7 (679) 506-2750,в пути
Захаровна,Феврония,Евдокимова,8 834 778 0010,в пути
Эдгардович,Кир,Уваров,+74244121492,в пути
Феврония,Лукина,Ивановна,+7 (256) 870-35-68,в пути
Измаил,Савин,Ермилович,82767772187,свободен
Гордеевич,Аникита,Медведев,8 564 353 20 73,в пути
Игоревич,Виссарион,Марков,8 834 474 82 86,занят
Евдокия,Степанова,Дмитриевна,+7 509 087 83 57,занят
Викторовна,Зоя,Королева,+70396421572,свободен
Поликарп,Игнатов,Евстигнеевич,+7 (061) 125-08-99,занят
Дарья,Лыткина,Архиповна,8 (538) 160-83-93,в пути
Радим,Трофимов,Феликсович,+70371667724,в пути
Борисовна,Ираида,Моисеева,+79559649238,свободен
Вадимовна,Агафья,Егорова,+7 552 523 98 13,свободен
Гурий,Молчанов,Ильясович,8 (262) 741-89-99,занят
Ирина,Юдина,Юрьевна,8 509 333 5751,занят
Вячеславовна,Синклитикия,Стрелкова,8 404 006 6818,свободен
Кузьминична,Фаина,Королева,+7 236 770 3213,в пути
Даниилович,Борислав,Беспалов,80968375850,в пути
Григорьевич,Андроник,Комаров,8 (354) 180-3604,в пути
Богдановна,Милица,Попова,+7 749 310 57 00,занят
Раиса,Мельникова,Владимировна,+7 (460) 921-69-06,в пути
Оскаровна,Анжела,Макарова,80335106823,свободен
Петр,Ефремов,Яковлевич,86031839596,свободен
Оксана,Костина,Богдановна,+7 (098) 740-42-69,свободен
Раиса,Романова,Романовна,+7 (358) 246-28-99,свободен
Амвросий,Князев,Евстигнеевич,8 080 782 5815,свободен
Аксёнович,Валентин,Соболев,+7 119 966 92 69,занят
Викторовна,Марина,Комарова,8 (191) 314-2412,в пути
Геннадьевна,Зинаида,Рожкова,8 (286) 691-47-61,свободен
Елисей,Шарапов,Абрамович,+72778487048,в пути
Святополк,Комиссаров,Ефимьевич,8 (168) 106-12-64,свободен
Кузьминична,Вероника,Фадеева,8 034 191 84 25,в пути
Демидович,Эрнест,Беспалов,8 (336) 264-20-47,занят
Бажен,Марков,Антипович,8 (531) 783-3655,в пути
Макаровна,Алевтина,Кононова,8 079 122 3523,занят
Викторович,Филипп,Бирюков,+7 919 817 22 11,свободен
Маргарита,Сергеева,Богдановна,8 (016) 825-37-78,свободен
Гавриилович,Болеслав,Федотов,8 (089) 599-60-95,свободен
Парфен,Моисеев,Давидович,80536174514,в пути
Игнатьевич,Ипат,Самсонов,8 153 640 5710,в пути
Ильясович,Моисей,Яковлев,8 291 754 8500,в пути
Агафья,Терентьева,Наумовна,+7 (788) 381-95-33,занят
Захаровна,Анастасия,Елисеева,85959749602,в пути
Лора,Субботина,Степановна,8 (803) 404-6288,занят
Вениамин,Кабанов,Глебович,8 397 573 8521,свободен
Сильвестр,Марков,Тарасович,8 221 447 1992,свободен
Наумовна,Зоя,Евдокимова,8 617 006 56 05,свободен
Оксана,Егорова,Кузьминична,8 (426) 228-9638,занят
Панфил,Жуков,Ермолаевич,+74796110761,занят
Валерьевич,Христофор,Аксенов,84578791406,свободен
Адамович,Севастьян,Беспалов,+7 (848) 879-9869,в пути
Филимонович,Болеслав,Медведев,8 (904) 184-27-22,свободен
Евгения,Воронцова,Викторовна,8 (880) 427-9388,в пути
Афанасьевич,Вячеслав,Федосеев,80597998659,занят
Максимовна,Прасковья,Кононова,+7 (136) 610-3515,свободен
Дементий,Авдеев,Зиновьевич,+7 069 573 98 56,свободен
Ниловна,Галина,Нестерова,+7 (905) 509-43-74,в пути
Рубен,Никонов,Германович,8 (350) 986-51-99,свободен
Харлампович,Родион,Бобров,8 159 485 22 97,занят
Алексеевич,Анисим,Рогов,+7 (356) 355-0861,занят
Филимонович,Виссарион,Лаврентьев,8 323 931 65 16,свободен
Георгиевна,Майя,Комиссарова,+7 752 989 1528,свободен
Жданова,тов.,Нинель,+7 (961) 266-41-73,занят
Игоревна,София,Филатова,8 017 663 6292,свободен
Валерьян,Кудрявцев,Власович,+76153726206,занят
Гавриилович,Поликарп,Сорокин,8 (842) 135-37-88,занят
Мина,Крылов,Витальевич,8 610 569 96 40,свободен
Даниилович,Рюрик,Мартынов,88320106450,свободен
Лидия,Лукина,Максимовна,+7 (928) 006-3390,в пути
Ивановна,Лора,Белоусова,8 (338) 183-24-83,в пути
Ефимовна,Светлана,Лукина,+7 726 541 2205,занят
Ефимовна,Таисия,Михайлова,82229078615,занят
Екатерина,Гущина,Аскольдовна,+7 (833) 973-3891,в пути
Тарасовна,Анастасия,Осипова,+7 (070) 648-53-48,в пути
Варфоломей,Лобанов,Борисович,87317718529,свободен
Феврония,Алексеева,Владиславовна,+7 783 385 92 50,свободен
Феликсовна,Лариса,Сидорова,+72930383615,свободен
Кондрат,Брагин,Гордеевич,+74815261873,занят
Антоновна,Оксана,Лебедева,8 (857) 328-0061,в пути
Варвара,Белозерова,Валериевна,8 034 694 27 23,свободен
Карпов,г-н,Исидор,89110594767,занят
Вацлав,Рябов,Еремеевич,+76435940181,занят
Эдгарович,Ульян,Денисов,8 155 990 70 79,занят
Панкрат,Виноградов,Марсович,+7 890 566 94 27,занят
Фомич,Святослав,Борисов,83559551769,в пути
Элеонора,Савельева,Натановна,87496024511,в пути
Лукия,Дмитриева,Семеновна,+7 323 248 83 50,свободен
Петр,Богданов,Артурович,+7 (105) 589-38-10,свободен
Нина,Третьякова,Харитоновна,+73570688002,занят
Матвеевна,Ираида,Попова,8 (649) 752-98-22,в пути
Оксана,Лаврентьева,Леонидовна,+7 066 384 27 61,свободен
Светозар,Бирюков,Гурьевич,82926855518,свободен
Ильинична,Василиса,Юдина,+78062001668,в пути
Николаевна,Нинель,Куликова,8 (132) 935-6643,свободен
Максимовна,Ираида,Матвеева,+7 587 884 6723,занят
Сергей,Якушев,Чеславович,+7 772 816 9263,в пути
Прокофий,Васильев,Трофимович,+7 589 428 14 00,в пути
Дмитриевна,Елизавета,Матвеева,8 308 608 7474,свободен
Никифоровна,Евгения,Гордеева,+7 (512) 657-9905,в пути
Антонина,Абрамова,Робертовна,8 (223) 305-42-47,в пути
Алексеевич,Назар,Якушев,+7 840 780 01 15,в пути
Прасковья,Шубина,Рудольфовна,+7 892 473 9487,занят
Рудольфовна,София,Дроздова,8 (134) 338-8450,в пути
Максимовна,Валентина,Калашникова,+7 (062) 821-6849,свободен
Валентиновна,Ангелина,Ефремова,+7 (464) 658-2458,свободен
Викторовна,Агафья,Константинова,+7 (316) 662-37-50,свободен
Софон,Стрелков,Абрамович,+7 (242) 818-8473,свободен
Кузьминична,Акулина,Шестакова,+7 709 089 4878,в пути
Кирилл,Горбачев,Бенедиктович,+7 970 525 7394,занят
Сигизмунд,Никифоров,Эдуардович,+7 170 202 4600,занят
Андреевна,Фёкла,Бирюкова,8 546 768 02 89,свободен
Анжелика,Шарова,Святославовна,8 (505) 655-6770,свободен
Ерофеевич,Терентий,Тимофеев,+7 868 314 4072,свободен
Владимир,Павлов,Адрианович,8 (723) 152-91-77,свободен
Елизарович,Бронислав,Буров,+77355914696,занят
Михей,Сергеев,Юлианович,+7 403 984 6444,свободен
Феликсович,Симон,Тихонов,8 607 901 0532,свободен
Наталья,Коновалова,Вячеславовна,88956027536,свободен
Евстигнеевич,Панкрат,Вишняков,+72829833051,занят
Екатерина,Кононова,Егоровна,8 693 559 2763,свободен
Теймуразович,Казимир,Сазонов,8 379 119 7707,свободен
Федосьевич,Вячеслав,Молчанов,+7 (776) 375-27-26,занят
Эдуардовна,Людмила,Русакова,8 424 457 0410,в пути
Казимир,Панов,Валерьевич,8 (926) 740-7324,занят
Эдгарович,Ратибор,Тарасов,8 (171) 852-8332,свободен
Николаевна,Марина,Данилова,8 (470) 000-81-45,занят
Константиновна,Ангелина,Михайлова,8 (487) 142-29-26,занят
Кузьминична,Валерия,Орлова,8 639 725 8886,в пути
Эльдаровна,Алина,Куликова,8 504 967 9214,занят
Евпраксия,Королева,Альбертовна,+76527682855,в пути
Зоя,Прохорова,Архиповна,8 (185) 306-77-95,в пути
Вера,Жданова,Никифоровна,8 (568) 067-6325,в пути
Ефимьевич,Карп,Шубин,+7 (743) 811-61-15,в пути
Лариса,Горбунова,Ждановна,+7 (738) 818-1317,свободен
Андреевич,Симон,Агафонов,84783464617,занят
Ия,Королева,Николаевна,+7 (048) 693-5345,в пути
Анатольевна,Глафира,Зайцева,8 667 653 89 33,свободен
Федоровна,Нинель,Маслова,8 075 714 67 24,свободен
Евстигней,Копылов,Игнатович,8 (324) 100-34-88,в пути
Вениаминовна,Марина,Сафонова,87274041406,занят
Брониславович,Боян,Моисеев,8 965 177 6656,свободен
Вячеславовна,Екатерина,Данилова,8 (132) 859-08-04,занят
Октябрина,Куликова,Дмитриевна,+7 (548) 321-5026,в пути
Жанна,Одинцова,Егоровна,+76385904679,свободен
Евпраксия,Анисимова,Романовна,8 408 630 3404,занят
Федосеевич,Тимофей,Баранов,+7 (016) 991-2619,в пути
Светлана,Королева,Робертовна,86237183289,в пути
Галина,Сафонова,Игоревна,+7 (871) 085-38-94,занят
Феофан,Копылов,Ерофеевич,+7 090 699 68 21,занят
Полина,Агафонова,Степановна,8 (085) 690-7954,свободен
Львовна,Вероника,Пестова,8 526 387 28 77,в пути
Филатович,Еремей,Зайцев,84587561311,свободен
Герман,Селиверстов,Трифонович,+7 (198) 894-5541,свободен
Геннадиевна,Нонна,Гаврилова,8 (760) 497-90-07,занят
Владислав,Гущин,Жанович,89665004086,занят
Ильинична,Евдокия,Терентьева,8 (041) 791-2465,занят
Андрон,Исаков,Власович,+7 (314) 299-83-54,в пути
Владимировна,Ангелина,Зиновьева,+7 817 900 56 02,занят
Жанович,Август,Попов,82641235455,в пути
Милан,Дементьев,Жанович,8 090 929 5374,занят
Викторович,Амвросий,Ефремов,8 (253) 782-9276,занят
Герасимович,Мокей,Ларионов,+7 (254) 031-87-00,в пути
Семеновна,Алевтина,Павлова,+7 (526) 443-77-34,занят
Валериевна,Кира,Рябова,8 959 496 8195,в пути
Степановна,Лукия,Потапова,8 309 972 9094,свободен
Валентина,Сысоева,Михайловна,81860922619,в пути
Филиппович,Дорофей,Елисеев,+7 361 426 60 05,занят
Филипповна,Зоя,Филиппова,89171531412,свободен
Демидович,Афанасий,Крюков,+7 991 319 92 65,свободен
Ермилович,Евдоким,Логинов,+7 (937) 680-2615,в пути
Юлия,Савина,Георгиевна,8 919 615 7473,в пути
Октябрина,Яковлева,Болеславовна,8 (994) 355-2591,занят
Вадим,Лукин,Абрамович,88201355481,занят
Федосий,Петухов,Ефимьевич,80557869489,свободен
Ангелина,Логинова,Ивановна,8 669 685 43 67,в пути
Федосьевич,Давыд,Лихачев,81852893352,в пути
Нонна,Гаврилова,Львовна,+7 (410) 482-3919,в пути
Тимурович,Дементий,Назаров,8 (832) 688-3434,в пути
Максимовна,Ульяна,Савина,+7 277 605 1024,свободен
Колесникова,г-жа,Дарья,8 (877) 868-7394,свободен
Моисей,Емельянов,Феоктистович,+7 520 474 94 11,занят
Федот,Медведев,Бориславович,8 (866) 547-17-83,в пути
Валентиновна,Марина,Пестова,+70625291160,свободен
Гурьевич,Радислав,Шилов,8 (727) 248-6193,в пути
Клавдий,Михеев,Даниилович,8 022 877 7964,в пути
Фирс,Игнатьев,Артёмович,8 (923) 343-4452,в пути
Аскольдовна,Милица,Назарова,+7 (839) 274-7741,занят
Глафира,Емельянова,Григорьевна,+74200464192,занят
Надежда,Бирюкова,Артемовна,8 433 534 16 81,свободен
Зинаида,Селезнева,Олеговна,+7 (665) 116-3532,в пути
Владиленович,Аггей,Осипов,+7 (488) 110-08-30,свободен
Натановна,Елена,Павлова,+7 564 939 89 53,свободен
Ивановна,Майя,Русакова,+79335862348,занят
Анастасия,Устинова,Олеговна,83847496654,свободен
Раиса,Коновалова,Дмитриевна,+7 902 852 3456,свободен
Владленович,Эмиль,Галкин,8 (437) 645-6106,свободен
Тарасович,Георгий,Алексеев,88624807108,занят
Мечислав,Сазонов,Филатович,+7 (821) 276-3102,занят
Василиса,Михайлова,Болеславовна,88378539767,в пути
Анатолий,Архипов,Александрович,+76754272335,свободен
Святослав,Панфилов,Фокич,+76267856692,в пути
Теймуразович,Герасим,Голубев,+7 (358) 820-7653,свободен
Федоровна,Валентина,Евсеева,+7 145 682 39 25,свободен
Авдей,Потапов,Марсович,+79594138295,занят
Антонина,Шарова,Никифоровна,8 (275) 842-3978,занят
Гедеон,Туров,Гертрудович,+77242090687,в пути
Яковлевна,Лидия,Гаврилова,+7 (019) 483-7126,в пути
Оскаровна,Жанна,Елисеева,88842393903,занят
Потап,Фомичев,Гордеевич,+76863947930,занят
Панкрат,Мамонтов,Ефремович,+78920609349,в пути
Димитриевич,Вячеслав,Емельянов,+70622687817,свободен
Ерофеевич,Захар,Сафонов,82757422429,занят
Полина,Логинова,Викторовна,8 (648) 558-5639,в пути
Феврония,Лукина,Владиславовна,+7 713 485 1603,занят
Нинель,Денисова,Ниловна,+7 739 930 68 95,свободен
Майя,Агафонова,Вячеславовна,8 (895) 111-14-00,свободен
Владиленович,Валерьян,Родионов,+7 879 523 03 63,в пути
Геннадиевна,Пелагея,Виноградова,+7 745 554 67 68,занят
Пимен,Алексеев,Вилорович,+7 (631) 563-9830,свободен
Михайловна,Екатерина,Пахомова,8 (595) 028-3880,свободен
Аникита,Ефимов,Анисимович,+7 (510) 139-4512,занят
Эраст,Мясников,Дорофеевич,84304693298,в пути
Ильинична,Иванна,Гусева,+7 374 842 4842,в пути
Екатерина,Брагина,Кузьминична,+7 (807) 174-9229,в пути
Демид,Елисеев,Федотович,+7 628 679 9313,свободен
Христофор,Цветков,Викентьевич,8 308 180 60 93,в пути
Нинель,Кондратьева,Геннадьевна,+7 204 570 10 86,в пути
Ефстафьевич,Аристарх,Кулаков,+7 436 807 9196,занят
Викторовна,Мария,Королева,+7 888 666 8791,в пути
Павловна,Антонина,Крылова,+7 (871) 047-05-83,занят
Елизавета,Никонова,Семеновна,8 694 898 19 06,в пути
Эдгардович,Аверкий,Лихачев,8 (683) 272-22-42,занят
Сила,Третьяков,Анисимович,+7 (265) 876-9849,в пути
Герасимович,Харлампий,Алексеев,8 559 899 5440,занят
Федосий,Корнилов,Витальевич,8 613 742 6944,занят
Артемовна,Лидия,Лазарева,8 (007) 247-6954,занят
Денисович,Виссарион,Зуев,+74916233875,свободен
Вероника,Веселова,Михайловна,+7 (459) 386-96-75,в пути
Михайловна,Надежда,Нестерова,+7 (047) 083-7905,свободен
Димитриевич,Самуил,Никитин,+7 468 144 9562,в пути
Тимуровна,Наина,Дорофеева,8 270 380 65 05,в пути
Элеонора,Петухова,Кирилловна,+79440317546,свободен
Ян,Артемьев,Ерофеевич,+7 388 419 10 83,в пути
Леоновна,Фаина,Моисеева,8 633 961 08 07,в пути
Натановна,Наина,Шашкова,8 772 118 12 57,свободен
Гаврила,Попов,Харлампьевич,+7 (175) 653-11-42,в пути
Харитоновна,Лора,Уварова,8 (756) 944-6575,свободен
Бориславович,Светозар,Савельев,8 785 904 98 87,занят
Творимир,Наумов,Фокич,8 670 599 7110,в пути
Екатерина,Михеева,Валериевна,+7 (239) 574-5364,свободен
Марк,Крюков,Бориславович,8 (985) 654-13-31,занят
Спиридон,Денисов,Зиновьевич,8 138 236 9895,свободен
Светлана,Кудрявцева,Робертовна,+78154329824,в пути
Феликсович,Прохор,Сорокин,+7 (426) 405-5926,занят
Владилен,Веселов,Тарасович,8 (132) 092-5632,в пути
Ефстафьевич,Архип,Соболев,8 (441) 896-68-05,занят
Матвеевич,Сергей,Шарапов,8 733 766 9016,свободен
Игнатий,Сорокин,Исидорович,+7 811 116 03 37,в пути
Богдановна,Евфросиния,Зайцева,+7 598 858 5509,свободен
Васильевна,Алина,Русакова,8 812 051 1092,свободен
Остап,Исаев,Ануфриевич,8 (396) 080-0065,в пути
Гаврилович,Денис,Куликов,8 511 374 46 40,занят
Вацлав,Бирюков,Фокич,+7 271 792 42 66,в пути
Юрьевна,Ия,Пономарева,+7 (348) 788-8724,свободен
Прохор,Белов,Демьянович,8 (443) 380-34-56,занят
Надежда,Харитонова,Альбертовна,+7 590 091 9002,занят
Борисовна,Глафира,Ершова,+7 376 086 1784,занят
Давидович,Дмитрий,Рожков,8 453 124 4512,свободен
Димитриевич,Клавдий,Никифоров,8 (003) 678-30-78,свободен
Валериевна,Анжелика,Жданова,8 (922) 384-47-93,свободен
Лукия,Лаврентьева,Болеславовна,8 650 810 2109,в пути
Акулина,Гришина,Кузьминична,+7 739 632 71 73,занят
Афанасий,Ларионов,Венедиктович,+78948725880,занят
Сергеевна,Валентина,Терентьева,+7 (607) 747-6690,занят
Галина,Дементьева,Ждановна,87969798226,в пути
Ульяна,Хохлова,Антоновна,8 265 820 13 46,в пути
Ефимовна,Наина,Филатова,8 (575) 270-78-61,свободен
Нинель,Кудрявцева,Валериевна,+7 (987) 946-42-17,в пути
Изотович,Карп,Лаврентьев,8 (071) 633-73-70,в пути
Ия,Константинова,Вадимовна,+7 210 813 5064,в пути
Вишнякова,г-жа,Вера,8 (336) 766-45-91,в пути
Мироновна,Эмилия,Лаврентьева,86825851483,занят
Алина,Егорова,Артемовна,8 416 807 50 08,свободен
Прокл,Носов,Демьянович,8 258 379 8712,в пути
Тамара,Кононова,Феликсовна,8 (062) 587-77-31,в пути
Алексей,Третьяков,Захарьевич,8 (920) 813-8763,занят
Якубович,Мариан,Корнилов,8 884 559 0577,в пути
Журавлева,г-жа,Надежда,+7 579 117 1233,занят
Алевтина,Белова,Ниловна,+7 385 672 40 43,в пути
Потап,Авдеев,Глебович,8 677 702 9781,свободен
Даниловна,Татьяна,Гущина,+7 065 538 8227,занят
Исидорович,Роман,Фомин,8 (150) 889-39-01,занят
Анжела,Васильева,Робертовна,+7 960 154 83 78,занят
Оксана,Корнилова,Рубеновна,8 (267) 044-15-86,в пути
Макар,Горбачев,Феликсович,+7 (434) 424-4611,свободен
Юлия,Антонова,Юльевна,+7 943 987 7858,свободен
Самуил,Ершов,Борисович,8 (513) 389-0940,занят
Потапов,г-н,Виссарион,+77213383361,в пути
Лидия,Копылова,Леонидовна,+7 014 072 2901,занят
Гурьевич,Иннокентий,Савин,8 299 184 2343,занят
Ирина,Анисимова,Оскаровна,+7 (592) 739-77-13,занят
Валерьянович,Прокл,Крылов,8 (316) 255-95-56,в пути
Януарий,Кузнецов,Анатольевич,+7 (106) 897-7833,свободен
Филиппович,Пантелеймон,Меркушев,8 (839) 305-56-40,в пути
Ярослав,Маслов,Валерьянович,+7 (859) 738-29-76,занят
Ольга,Дьячкова,Алексеевна,8 (893) 677-48-39,занят
Викентьевич,Ладислав,Кошелев,+7 048 078 1729,в пути
Прасковья,Соболева,Натановна,+7 167 210 02 03,занят
Изотович,Валерий,Панов,+7 (249) 439-31-32,свободен
Ильинична,Агафья,Титова,+7 (096) 506-4982,свободен
Ирина,Шубина,Захаровна,8 406 020 85 30,свободен
Петровна,Валерия,Федотова,8 (455) 083-5200,занят
Терентьевич,Трифон,Яковлев,+7 (844) 359-1807,свободен
Ивановна,Олимпиада,Кудрявцева,8 (820) 513-05-97,занят
Романовна,Мария,Дмитриева,88063435252,в пути
Евгения,Капустина,Станиславовна,+7 (116) 092-4610,свободен
Гедеон,Князев,Теймуразович,+7 529 019 02 67,в пути
Даниилович,Ерофей,Зиновьев,8 (912) 219-6102,в пути
Васильевна,Зоя,Дорофеева,+7 516 499 3055,свободен
Федосеевич,Ипат,Мухин,+7 (770) 791-4839,в пути
Викторовна,Александра,Лобанова,8 (537) 731-3093,занят
Октябрина,Белоусова,Ниловна,8 (213) 965-77-09,свободен
Болеславовна,Ольга,Никифорова,+7 (196) 678-3813,свободен
Викентьевич,Лучезар,Исаев,+7 (700) 134-12-66,занят
Нинель,Бобылева,Феликсовна,+78361843698,занят
Владимирова,тов.,Ирина,+73195617254,свободен
Ааронович,Фадей,Капустин,+7 (805) 039-5940,занят
Юрьевна,Евдокия,Волкова,8 (690) 144-8027,свободен
Артемовна,Ирина,Волкова,8 574 384 17 94,в пути
Назар,Цветков,Дмитриевич,+7 (867) 615-98-39,в пути
Акулина,Блинова,Рудольфовна,86012597346,свободен
Тарасович,Елисей,Колесников,+70816937898,в пути
Егор,Шубин,Эдуардович,81359090964,в пути
Ильинична,Эмилия,Нестерова,8 (048) 804-1812,в пути
Захаровна,Марина,Петухова,8 879 292 3458,занят
Тихон,Калашников,Зиновьевич,86793788971,занят
Трофимович,Гордей,Одинцов,8 (359) 498-46-76,свободен
Фомич,Фортунат,Ширяев,+7 (973) 710-50-66,занят
Николай,Юдин,Ярославович,8 (259) 006-42-85,занят
Фролович,Исидор,Михеев,8 316 380 0353,занят
Филимон,Сысоев,Данилович,8 874 642 15 29,занят
Рудольфовна,Юлия,Сазонова,+7 824 038 70 10,свободен
Анжела,Лапина,Тимуровна,+7 853 812 2903,в пути
Анна,Овчинникова,Вениаминовна,86756292480,свободен
Антонович,Порфирий,Силин,8 (694) 917-56-45,в пути
Эдуардович,Валентин,Воронов,8 988 737 6565,занят
Тарасовна,Ольга,Фадеева,+7 032 572 43 39,занят
Юрьевна,Наина,Белозерова,87980658055,занят
Филарет,Игнатов,Иларионович,86570402297,свободен
Прасковья,Карпова,Григорьевна,+7 (314) 885-6698,свободен
Феликс,Шашков,Жанович,8 (963) 131-9514,свободен
Ангелина,Родионова,Кузьминична,+7 102 743 4824,занят
Наина,Сергеева,Никифоровна,89857569435,свободен
Федот,Якушев,Изотович,+73774034656,занят
Даниловна,Лариса,Князева,81536708196,в пути
Васильевич,Михаил,Мельников,8 (992) 320-2735,в пути
Федосий,Константинов,Фомич,+7 (180) 782-9000,в пути
Ольга,Шашкова,Артемовна,+75157693731,занят
Модест,Евдокимов,Терентьевич,8 240 546 78 22,свободен
Антипович,Гостомысл,Елисеев,8 (362) 044-07-27,в пути
Станиславовна,Любовь,Уварова,+7 472 644 7055,в пути
Лариса,Харитонова,Вадимовна,+78197075117,занят
Григорьевна,Лидия,Потапова,+7 (942) 051-67-56,в пути
Гордеевич,Остап,Сорокин,+7 792 769 15 92,в пути
Любим,Наумов,Трифонович,82653154924,в пути
Поликарп,Лаврентьев,Филиппович,8 150 361 3493,свободен
Руслановна,Прасковья,Федосеева,8 (894) 361-6813,свободен
Игоревна,Алевтина,Гордеева,8 (709) 778-6482,занят
Борислав,Казаков,Устинович,+7 (395) 839-3950,в пути
Дмитриевна,Василиса,Иванова,8 427 718 9879,занят
Александра,Селезнева,Аркадьевна,8 (527) 005-6682,свободен
Ладислав,Александров,Борисович,+7 865 967 8035,занят
Александр,Матвеев,Анисимович,8 865 108 76 97,свободен
Ильинична,Екатерина,Сорокина,+7 398 642 4778,свободен
Светлана,Калинина,Валериевна,+7 173 633 6752,свободен
Ануфриевич,Лучезар,Тимофеев,+7 (440) 553-3946,в пути
Агафья,Абрамова,Дмитриевна,+7 (849) 554-0913,в пути
Майя,Дементьева,Федоровна,+7 (415) 269-03-22,занят
Кузьминична,Клавдия,Кононова,8 748 738 6668,свободен
Евфросиния,Григорьева,Степановна,+78103513478,свободен
Павловна,Алина,Кулакова,84237205956,в пути
Иосипович,Андрон,Крылов,+7 (336) 122-1675,свободен
Власова,тов.,Евпраксия,8 (650) 552-8156,занят
Федотович,Родион,Рябов,8 164 991 28 93,в пути
Мокей,Вишняков,Ефимович,8 188 914 13 56,занят
Жанна,Костина,Робертовна,8 251 007 24 87,занят
Агафонова,г-жа,Наталья,8 219 951 73 48,занят
Валентиновна,Татьяна,Быкова,8 703 827 17 42,в пути
Якубович,Святослав,Филатов,+78966105888,свободен
Фадей,Гаврилов,Данилович,8 (036) 452-9176,в пути
Автоном,Лукин,Фёдорович,89648883167,в пути
Вилорович,Михаил,Хохлов,+7 (688) 033-4067,в пути
Людмила,Быкова,Юрьевна,81197478382,занят
Иосиф,Меркушев,Авдеевич,8 (184) 184-01-20,свободен
Светлана,Евдокимова,Болеславовна,8 945 663 37 40,в пути
Фока,Пестов,Дорофеевич,+7 (099) 866-92-79,в пути
Гордеевич,Савватий,Воробьев,85318060042,в пути
Харлампович,Ярополк,Елисеев,+75609357278,свободен
Игнатий,Сорокин,Захарьевич,8 001 138 3114,свободен
Алевтина,Харитонова,Рудольфовна,8 797 889 5076,занят
Алла,Кононова,Матвеевна,8 (332) 340-6103,занят
Харлампьевич,Серафим,Селиверстов,+7 177 766 0854,свободен
Августович,Богдан,Дьячков,87098977147,в пути
Смирнова,г-жа,Иванна,+7 (839) 358-95-94,в пути
Савватий,Рожков,Демьянович,+7 (288) 644-1039,занят
Георгиевна,Полина,Кузнецова,+7 014 666 5915,свободен
Григорьевна,Октябрина,Стрелкова,+7 558 589 99 79,занят
Игоревна,Лора,Рябова,8 (290) 753-3533,в пути
Демид,Молчанов,Филимонович,+72111410332,свободен
Даниилович,Илья,Яковлев,+7 517 198 14 93,свободен
Архиповна,Эмилия,Филатова,+7 (632) 956-62-30,в пути
Федоровна,Лора,Игнатова,8 845 010 78 39,свободен
Архип,Попов,Дмитриевич,+7 998 280 5969,свободен
Боян,Ермаков,Власович,8 (216) 589-34-67,свободен
Аксенов,тов.,Михей,8 719 862 6550,в пути
Богданович,Потап,Буров,8 (020) 509-77-89,в пути
Рудольфовна,Виктория,Самсонова,+78102873251,в пути
Богданович,Станислав,Гаврилов,+78064880507,свободен
Эдуардович,Мстислав,Филиппов,80812315725,свободен
Петровна,Зинаида,Воробьева,+7 (110) 146-82-26,в пути
Тарасовна,Акулина,Красильникова,8 (189) 166-13-23,в пути
Феврония,Лихачева,Захаровна,+7 776 184 10 22,свободен
Константиновна,Антонина,Власова,8 (815) 969-5728,в пути
Оскаровна,Евдокия,Цветкова,+75798328275,свободен
Харитоновна,Регина,Филиппова,8 488 741 04 91,в пути
Ильич,Валентин,Киселев,+7 (504) 759-1670,занят
Ксения,Борисова,Викторовна,8 476 492 2994,занят
Эльдаровна,Антонина,Фролова,+7 984 451 63 48,в пути
Лидия,Гущина,Ивановна,+79553376115,в пути
Станиславовна,Фёкла,Ильина,8 (311) 383-4767,занят
Валериевна,Виктория,Дмитриева,+7 (952) 688-5477,в пути
Адрианович,Ювеналий,Фролов,8 (932) 007-94-85,свободен
Элеонора,Блинова,Эльдаровна,8 880 257 5118,занят
Оскаровна,Надежда,Орехова,+7 (330) 471-0770,в пути
Максимильян,Дмитриев,Артёмович,+7 385 334 17 96,занят
Жукова,г-жа,Феврония,8 (761) 789-0967,в пути
Станислав,Вишняков,Изотович,+7 725 970 32 87,занят
Вадим,Туров,Викентьевич,8 (281) 880-1822,в пути
Валентин,Кириллов,Феодосьевич,+7 (650) 343-42-34,занят
Евдокия,Дроздова,Андреевна,+7 799 735 1899,в пути
Анжела,Авдеева,Болеславовна,85969633383,свободен
Рубен,Самойлов,Денисович,+74857745802,занят
Василиса,Субботина,Артемовна,+7 238 011 58 44,в пути
Бориславович,Валерьян,Галкин,+7 (510) 525-9907,свободен
Устинович,Ким,Мамонтов,8 946 202 59 00,в пути
Игоревна,Нонна,Исакова,+77999149007,в пути
Болеславовна,София,Ширяева,+7 (957) 600-7984,занят
Аким,Зайцев,Жанович,+7 861 318 6124,в пути
Харитоновна,Октябрина,Артемьева,+7 342 596 0043,свободен
Варвара,Константинова,Игоревна,+7 718 523 74 88,свободен
Ильич,Лазарь,Моисеев,+7 429 610 8628,в пути
Мечислав,Панфилов,Гавриилович,88966727633,свободен
Раиса,Кудрявцева,Афанасьевна,+75255957107,занят
Юльевна,Фёкла,Костина,8 364 761 53 63,свободен
Панов,г-н,Андрей,+7 914 798 51 49,свободен
Милий,Белозеров,Игоревич,8 913 379 66 69,в пути
Ульян,Воронов,Харлампьевич,+76643495722,в пути
Федорова,г-жа,Алевтина,+72332104620,занят
Вячеславовна,Эмилия,Вишнякова,+7 663 510 8584,занят
Мефодий,Белов,Андреевич,8 224 634 6150,свободен
Архиповна,Оксана,Якушева,8 024 596 4433,занят
Маргарита,Большакова,Ниловна,+7 238 126 8810,в пути
Тарасовна,Евгения,Романова,8 285 402 00 93,свободен
Таисия,Осипова,Кирилловна,+75344738308,свободен
Брониславович,Якуб,Вишняков,+7 388 810 15 62,свободен
Николаевна,Валерия,Гущина,8 (694) 386-50-35,занят
Петровна,Юлия,Пономарева,8 (356) 093-3720,занят
Эдгардович,Владислав,Евсеев,+7 (584) 475-38-53,свободен
Гаврилович,Тимофей,Ковалев,+7 554 742 20 38,занят
Гедеон,Зыков,Гаврилович,+7 560 442 40 53,в пути
Пахомова,тов.,Майя,8 365 711 4327,свободен
Клавдия,Семенова,Евгеньевна,83838211264,занят
Геннадиевич,Сергей,Евсеев,+7 (424) 113-1862,занят
Герасимович,Всеволод,Миронов,+73512664695,в пути
Абрамович,Натан,Колобов,8 (581) 380-8044,в пути
Демидович,Яков,Кудрявцев,8 (289) 582-0471,свободен
Майя,Воронова,Викторовна,8 716 777 13 14,занят
Афиноген,Зиновьев,Гордеевич,+7 764 815 37 61,в пути
Ираида,Пестова,Станиславовна,8 (132) 919-73-48,в пути
Анисимович,Исидор,Кононов,+7 840 336 4522,свободен
Эдгардович,Самуил,Шарапов,8 (640) 024-40-83,занят
Харитоновна,Наталья,Медведева,8 (412) 487-60-21,занят
Ермилович,Афанасий,Казаков,87101932799,занят
Эдуард,Никитин,Ааронович,+7 (757) 484-84-52,свободен
Екатерина,Горшкова,Никифоровна,8 (854) 362-7471,занят
Таисия,Никонова,Кирилловна,86692784320,в пути
Мокей,Меркушев,Ильясович,8 (806) 413-12-99,занят
Шилова,г-жа,Лидия,8 577 063 5974,в пути
Ивановна,Александра,Бобылева,+7 880 770 8212,в пути
Гремислав,Шестаков,Ермолаевич,8 610 289 4308,в пути
Никон,Фокин,Эдуардович,8 471 961 7584,занят
Станимир,Козлов,Вилорович,8 454 591 3493,занят
Артемьевич,Ювеналий,Тарасов,8 (286) 611-78-72,занят
Марфа,Фомичева,Станиславовна,+7 (259) 090-4991,свободен
Григорьевна,Ия,Кудряшова,+7 (360) 052-63-81,свободен
Адрианович,Софрон,Данилов,+7 959 995 2317,занят
Виленович,Вадим,Якушев,+7 (530) 336-5556,в пути
Вениаминовна,Любовь,Вишнякова,8 825 452 1352,свободен
Гертрудович,Ферапонт,Казаков,+7 (397) 258-4577,занят
Герасимов,тов.,Всеслав,+7 148 806 20 45,занят
Анжела,Филатова,Михайловна,+7 673 660 5611,в пути
Дмитриевна,Зинаида,Мухина,+7 267 016 79 60,в пути
Фокич,Гордей,Пахомов,+7 (123) 935-33-26,занят
Зинаида,Андреева,Владимировна,8 (863) 726-6278,в пути
Егор,Шаров,Ануфриевич,+7 758 854 6276,свободен
Платон,Комиссаров,Ефстафьевич,8 (841) 884-80-98,свободен
Ефимович,Лаврентий,Субботин,+7 (923) 514-4907,занят
Фадеевич,Савватий,Одинцов,+7 (696) 501-60-25,занят
Григорий,Романов,Арсеньевич,+76533410918,в пути
Аркадьевна,Алла,Крылова,+7 (319) 057-08-92,в пути
Болеслав,Зимин,Денисович,8 (331) 973-41-77,занят
Светлана,Лобанова,Валентиновна,+7 (554) 390-7708,занят
Викторин,Дроздов,Адамович,8 (127) 398-9365,в пути
Валерия,Белозерова,Владиславовна,+7 (434) 394-9684,свободен
Алевтина,Голубева,Львовна,+70185521626,занят
Варвара,Панфилова,Олеговна,87565897301,в пути
Алина,Голубева,Артемовна,+7 (640) 690-29-82,в пути
Артурович,Тарас,Богданов,+7 (861) 237-18-09,занят
Юльевна,Лора,Виноградова,+7 (259) 489-85-85,занят
Ильинична,Лукия,Юдина,8 (162) 129-0954,в пути
Мир,Денисов,Захарьевич,8 (293) 818-16-04,свободен
Давыд,Яковлев,Ааронович,8 796 208 8740,занят
Орест,Дьячков,Гавриилович,+7 430 851 43 17,свободен
Григорьевич,Ермолай,Шилов,8 368 166 22 23,занят
Ольга,Орехова,Аскольдовна,8 746 451 39 89,свободен
Святославовна,Юлия,Антонова,+7 (225) 756-91-86,в пути
Аверьян,Рыбаков,Анатольевич,+7 017 687 28 23,в пути
Раиса,Соколова,Кирилловна,+7 (126) 211-37-61,в пути
Антип,Комиссаров,Вячеславович,83259557365,занят
Октябрина,Красильникова,Петровна,+7 (400) 497-69-44,свободен
Харламович,Константин,Александров,+79587983991,занят
Изяслав,Шилов,Александрович,8 870 307 54 40,в пути
Гремислав,Никифоров,Юлианович,8 092 181 27 67,занят
Афанасий,Овчинников,Федосьевич,+7 (107) 919-3227,занят
Суханов,тов.,Милен,+7 (123) 454-6015,занят
Агата,Орлова,Робертовна,82437436505,в пути
Григорьевич,Радим,Исаков,+7 (053) 207-4482,в пути
Станиславовна,Жанна,Устинова,8 726 117 3452,в пути
Ильин,г-н,Мокей,8 (997) 218-8819,свободен
Юльевна,Феврония,Мухина,+7 360 579 4898,занят
Викторовна,Иванна,Молчанова,8 283 360 79 08,занят
Алла,Харитонова,Львовна,8 (145) 013-7732,свободен
София,Исакова,Григорьевна,+7 498 066 30 46,свободен
Аркадьевна,Любовь,Баранова,+7 250 974 96 08,занят
Рубеновна,Алевтина,Сафонова,+77325294121,занят
Радим,Логинов,Богданович,+72738818984,свободен
Владиславовна,Вера,Соловьева,+7 (574) 078-3500,свободен
Емельянова,г-жа,Жанна,85700936908,свободен
Артем,Нестеров,Вячеславович,+7 (007) 218-0920,свободен
Мстислав,Артемьев,Авдеевич,8 210 405 26 13,занят
Фадей,Савин,Эдуардович,81366506821,в пути
Харитонович,Тит,Ефремов,+7 (414) 306-71-70,занят
Эмилия,Некрасова,Ждановна,8 964 258 7368,в пути
Ефимовна,Прасковья,Андреева,8 (439) 851-8133,занят
Геннадиевна,Пелагея,Федотова,+7 (985) 682-4043,свободен
Феофанович,Измаил,Горбунов,+73552705724,в пути
Трофимович,Ладислав,Осипов,8 476 097 7320,в пути
Якубович,Геннадий,Иванов,+76500308685,свободен
Рогова,тов.,Наталья,8 401 820 3850,свободен
Аггей,Белоусов,Чеславович,8 (742) 441-7575,в пути
Алексей,Савельев,Артурович,+7 (344) 472-0078,свободен
Робертовна,Любовь,Захарова,8 235 096 7414,в пути
Оксана,Гришина,Наумовна,+7 790 409 97 94,занят
Олеговна,Людмила,Соболева,+7 836 925 0258,свободен
Муравьева,тов.,Агата,+7 (151) 201-3734,в пути
Евпраксия,Брагина,Аскольдовна,8 950 382 81 24,в пути
Кузьминична,Виктория,Лаврентьева,80084431700,свободен
Антип,Антонов,Демидович,8 (656) 114-1593,занят
Пелагея,Боброва,Леоновна,87555733105,свободен
Яковлевич,Азарий,Николаев,80563460582,в пути
Григорьевич,Ермолай,Белов,8 962 917 3935,в пути
Эраст,Овчинников,Еремеевич,+7 (814) 232-5032,свободен
Александрович,Степан,Соловьев,+7 (844) 891-87-61,занят
Селиван,Веселов,Зиновьевич,+72449612500,в пути
Алексеевич,Терентий,Нестеров,80386159177,занят
Леонид,Нестеров,Трофимович,82687358011,свободен
Владиславович,Олимпий,Никонов,+7 787 603 1260,свободен
Мартын,Силин,Ааронович,8 072 606 93 71,в пути
Аристарх,Русаков,Борисович,+7 596 520 4039,занят
Болеславовна,Синклитикия,Кириллова,8 500 681 44 34,в пути
Севастьян,Гордеев,Адрианович,8 (882) 058-93-03,свободен
Ниловна,Полина,Белова,87933432544,в пути
Епифан,Панфилов,Адамович,+7 (384) 916-6947,занят
Вячеславович,Исидор,Устинов,+7 273 870 3902,в пути
Валентиновна,Елена,Калинина,+7 (858) 929-14-55,в пути
Наина,Мухина,Мироновна,+7 757 340 3559,занят
Эмилия,Михайлова,Геннадьевна,+7 081 693 73 97,в пути
Наталья,Белова,Рудольфовна,+7 386 771 0550,свободен
Вячеславовна,Валентина,Шилова,+7 848 907 6680,свободен
Екатерина,Новикова,Харитоновна,88666995768,свободен
Аким,Власов,Филиппович,+7 (892) 667-2493,свободен
Макаровна,Майя,Соловьева,+7 202 600 06 84,в пути
Георгиевич,Аполлинарий,Соколов,+72597013478,свободен
Герасимович,Ипатий,Игнатьев,+7 (069) 331-80-45,свободен
Анисимович,Амос,Назаров,+74855358752,свободен
Борисович,Фотий,Шаров,+7 331 157 02 73,в пути
Анастасия,Ларионова,Филипповна,8 282 248 44 15,занят
Евстигнеевич,Леонтий,Рожков,8 562 841 2807,в пути
Аркадьевна,Анна,Гурьева,+7 (604) 250-20-34,занят
Феликсович,Олег,Афанасьев,+7 (353) 226-5472,занят
Бобров,тов.,Аверьян,8 (879) 992-76-22,в пути
Вячеславовна,Кира,Лаврентьева,8 956 934 5446,свободен
Степановна,Эмилия,Власова,+7 (776) 056-5402,свободен
Януарий,Назаров,Федотович,+7 (577) 378-3865,занят
Ирина,Чернова,Александровна,+7 023 774 8502,свободен
Дмитриевич,Соломон,Кондратьев,8 (393) 312-3417,свободен
Альбертовна,Зинаида,Брагина,85028987697,свободен
Игоревна,Фаина,Попова,+7 641 900 0878,занят
Наумовна,Ия,Шестакова,+75477243932,занят
Ефстафьевич,Всеволод,Мухин,+7 (280) 739-4560,занят
Октябрина,Русакова,Андреевна,8 014 522 47 24,свободен
Екатерина,Игнатьева,Максимовна,+7 (237) 637-90-74,свободен
Ниловна,Татьяна,Мельникова,+7 (175) 613-82-60,свободен
Софрон,Кузнецов,Валерианович,+7 (272) 638-72-76,в пути
Василиса,Шилова,Оскаровна,+7 (547) 041-04-34,занят
Юлианович,Аристарх,Давыдов,8 385 792 6016,занят
Федосеевич,Федот,Никонов,8 926 477 0859,свободен
Ульяна,Михеева,Кузьминична,+7 576 046 8798,в пути
Александра,Харитонова,Аркадьевна,8 (048) 284-34-13,свободен
Нина,Петрова,Аскольдовна,+7 562 066 86 58,в пути
Андреевна,Глафира,Артемьева,+7 (510) 212-08-78,в пути
Захаровна,Феврония,Лукина,+77899101529,в пути
Савватий,Захаров,Всеволодович,+7 920 419 05 06,свободен
Григорьевна,Алла,Крюкова,8 (628) 641-36-95,занят
Богдан,Мамонтов,Анисимович,8 733 113 1519,занят
Юлий,Матвеев,Виленович,83008263376,свободен
Ангелина,Крылова,Эльдаровна,+7 (317) 345-1927,свободен
Елизавета,Савина,Альбертовна,8 (744) 682-2135,в пути
Леоновна,Октябрина,Шашкова,8 (629) 384-21-47,занят
Теймуразович,Феликс,Беляев,8 (510) 373-45-95,занят
Рюрик,Белоусов,Матвеевич,+7 459 471 1824,свободен
Макар,Лыткин,Ефимович,+7 957 348 0899,свободен
Венедиктович,Парамон,Денисов,+7 (748) 768-7502,в пути
Станиславовна,Валерия,Прохорова,8 053 886 0354,занят
Елена,Потапова,Владимировна,+78061212626,свободен
Ювеналий,Прохоров,Жанович,8 (739) 651-9049,в пути
Екатерина,Цветкова,Петровна,+7 (896) 603-57-22,свободен
Тарасовна,Иванна,Иванова,+7 (554) 648-8773,свободен
Архип,Королев,Ефимович,89278331046,в пути
Варвара,Рожкова,Петровна,8 (539) 059-82-50,в пути
Раиса,Воронова,Георгиевна,8 746 187 4286,в пути
Теймуразович,Иван,Сергеев,8 541 259 0823,свободен
Трифонович,Гордей,Суворов,8 (615) 505-34-41,занят
Алла,Воронцова,Кузьминична,+7 (974) 594-0908,в пути
Брониславович,Будимир,Мельников,8 567 515 2360,свободен
Рубеновна,Наталья,Афанасьева,+7 (880) 469-64-55,свободен
Артурович,Демьян,Журавлев,+7 (455) 405-18-96,в пути
Павел,Васильев,Герасимович,8 233 879 55 79,свободен
Даниловна,Валерия,Васильева,8 748 120 82 07,свободен
Владилен,Суханов,Васильевич,8 397 486 43 07,занят
Клавдия,Павлова,Оскаровна,8 190 035 4821,в пути
Лора,Борисова,Рубеновна,83127431905,в пути
Аскольд,Беляев,Эдгарович,+7 808 123 11 54,занят
Галина,Бирюкова,Романовна,+7 (220) 494-9854,занят
Викторович,Эрнест,Савин,+71094199637,в пути
Харлампьевич,Аркадий,Колесников,8 930 066 30 00,свободен
Адрианович,Валерьян,Носков,+7 (097) 242-50-36,в пути
Юрий,Большаков,Юльевич,+74499233860,занят
Марсович,Викентий,Баранов,86944660679,свободен
Аникей,Муравьев,Ефимович,8 (610) 253-49-32,занят
Лариса,Капустина,Ждановна,83901361330,свободен
Григорьевна,Жанна,Беспалова,8 (927) 746-8231,свободен
Савва,Григорьев,Филатович,+72923653351,в пути
Вячеслав,Щукин,Дорофеевич,8 (993) 437-45-54,свободен
Марсович,Ипатий,Трофимов,8 (702) 899-39-53,свободен
Октябрина,Калинина,Болеславовна,+7 588 889 9026,в пути
Лариса,Турова,Константиновна,+7 240 445 7240,в пути
Виктория,Титова,Антоновна,8 (748) 126-26-78,в пути
Раиса,Осипова,Феликсовна,8 (885) 792-7625,занят
Любим,Мишин,Гурьевич,+7 910 129 08 83,в пути
Андрей,Бирюков,Иларионович,82811738673,свободен
Спиридон,Семенов,Егорович,89502893832,в пути
Гаврилович,Любосмысл,Мартынов,8 708 994 3791,в пути
Зоя,Никитина,Ивановна,8 (427) 944-27-79,занят
Давидович,Терентий,Архипов,8 (899) 268-7218,свободен
Шестакова,тов.,Елена,+7 035 869 5505,в пути
Ия,Ильина,Вячеславовна,+7 (974) 499-7749,в пути
Лукия,Зыкова,Олеговна,8 (015) 563-3404,в пути
Даниилович,Лев,Авдеев,8 538 254 9987,занят
Агата,Сазонова,Андреевна,8 674 378 7274,в пути
Ефимович,Епифан,Козлов,+7 (464) 456-92-75,свободен
Будимир,Бирюков,Гавриилович,+7 955 003 99 44,в пути
София,Алексеева,Робертовна,8 738 960 1609,занят
Федор,Рожков,Фомич,8 (768) 410-7078,свободен
Анжелика,Яковлева,Валериевна,81527021189,в пути
Кирилл,Петров,Валерьянович,8 (176) 201-8146,занят
Денисович,Азарий,Фадеев,+7 046 386 2641,в пути
Пелагея,Сергеева,Леоновна,8 (180) 791-85-31,свободен
Гедеон,Фомин,Авдеевич,+7 586 955 2520,занят
Яковлевна,Любовь,Жданова,+7 480 512 32 14,свободен
Пимен,Костин,Иосипович,+7 (710) 156-6342,свободен
Оксана,Кулагина,Афанасьевна,8 (778) 464-2198,свободен
Кузьма,Алексеев,Бенедиктович,+7 004 885 07 69,свободен
Артурович,Тимур,Мельников,+7 168 065 4518,в пути
Богдановна,Антонина,Емельянова,8 299 428 33 22,свободен
Таисия,Щукина,Мироновна,8 279 007 1538,занят
Даниилович,Ким,Зиновьев,+7 800 861 1330,занят
Вероника,Андреева,Васильевна,8 155 186 3659,свободен
Алина,Некрасова,Кузьминична,8 361 372 5551,занят
Прокл,Кондратьев,Власович,8 (538) 434-34-37,свободен
Львовна,Марфа,Григорьева,8 (361) 307-53-45,свободен
Геннадиевич,Спартак,Сысоев,8 829 445 4552,свободен
Эдуардовна,Эмилия,Фокина,8 (764) 411-5691,занят
Екатерина,Савина,Дмитриевна,+7 (636) 134-5656,свободен
Германович,Феоктист,Громов,+77066275698,свободен
Регина,Попова,Андреевна,8 (803) 863-60-52,занят
Харитонович,Лучезар,Лихачев,+7 (517) 157-53-17,свободен
Светлана,Носкова,Игоревна,+7 (277) 004-65-17,в пути
Гурьевич,Еремей,Марков,+7 (599) 794-05-88,в пути
Ратмир,Доронин,Филиппович,+7 666 974 13 69,в пути
Нина,Петрова,Тимуровна,8 (770) 116-83-76,свободен
Валериевна,Октябрина,Филатова,+7 072 507 2324,занят
Захаровна,Глафира,Калашникова,+7 (326) 142-2882,в пути
Макар,Крюков,Эдгардович,8 (623) 161-1622,занят
Болеславовна,Прасковья,Крылова,+7 984 824 9332,в пути
Максим,Федотов,Арсенович,8 (297) 560-66-04,занят
Якушев,г-н,Ефрем,84229923849,занят
Андреевна,Анжелика,Лукина,+7 352 362 17 38,в пути
Евгения,Шарова,Робертовна,+7 896 908 7074,свободен
Демид,Горшков,Изотович,8 (685) 184-3037,в пути
Марсович,Мартьян,Лаврентьев,+73092048735,в пути
Викентьевич,Кондрат,Мясников,+7 (279) 707-64-61,свободен
Максимовна,Вероника,Авдеева,+73007754999,свободен
Гавриилович,Платон,Горбачев,+7 (831) 220-39-71,свободен
Варлаам,Князев,Валерианович,+74195765852,занят
Захаровна,Евфросиния,Тетерина,+7 (032) 806-12-95,свободен
Всеволод,Овчинников,Ефимович,+7 497 761 19 56,в пути
Дементий,Абрамов,Захарьевич,+7 816 218 96 79,свободен
Вениаминовна,Валентина,Архипова,8 455 947 21 38,в пути
Степан,Овчинников,Адамович,+7 (017) 754-91-34,в пути
Евдокия,Исакова,Вячеславовна,8 586 505 79 67,в пути
Макар,Лебедев,Фёдорович,80486312101,занят
Евгений,Федосеев,Антипович,8 (517) 152-0966,занят
Пимен,Меркушев,Гертрудович,+7 001 798 1268,занят
Трифонович,Евдоким,Исаков,+7 138 445 8845,свободен
Наумовна,Раиса,Попова,+7 (668) 465-40-43,в пути
Тимур,Лаврентьев,Иларионович,+7 330 151 4347,свободен
Борисов,г-н,Евгений,+7 (977) 364-1440,занят
Петровна,Анастасия,Панфилова,+7 (667) 363-00-62,свободен
Агафья,Третьякова,Семеновна,85705008931,занят
Гурьевич,Вячеслав,Белов,+71989167223,занят
Ксения,Большакова,Борисовна,8 (767) 859-0303,свободен
Павел,Богданов,Эдгарович,+7 348 820 99 88,занят
Мария,Селиверстова,Ждановна,85244531299,свободен
Тамара,Филиппова,Харитоновна,8 845 773 6943,занят
Алевтина,Елисеева,Викторовна,+7 (192) 377-52-11,в пути
Ираида,Рябова,Архиповна,83902370701,свободен
Анатольевна,Валентина,Дьячкова,8 273 930 0279,в пути
Ия,Никифорова,Валентиновна,8 281 155 6247,в пути
Евсей,Медведев,Теймуразович,8 (915) 632-52-40,занят
Наумовна,Ксения,Кошелева,89947598536,в пути
Добромысл,Лаврентьев,Федосьевич,8 (711) 950-5406,свободен
Пелагея,Носкова,Геннадьевна,8 (352) 856-0589,занят
Милован,Горшков,Игнатьевич,+7 (403) 295-8650,занят
Аркадьевна,Ксения,Пономарева,+7 329 142 65 20,свободен
Ирина,Потапова,Федоровна,+7 867 101 80 49,занят
Макаровна,Ксения,Федосеева,8 146 114 62 26,в пути
Ефимовна,Майя,Горшкова,8 914 441 1897,в пути
Вячеславович,Яков,Евсеев,+7 598 958 1275,в пути
Вероника,Лазарева,Богдановна,8 (098) 580-7686,свободен
Жоресович,Георгий,Лебедев,8 113 309 63 98,в пути
Захаровна,Полина,Блинова,+7 (140) 309-15-86,занят
Алексеевна,Анастасия,Харитонова,8 787 146 68 71,занят
Артемовна,Екатерина,Савельева,8 (492) 624-61-74,свободен
Ферапонт,Жуков,Анатольевич,+7 (291) 157-99-41,в пути
Харламович,Леонид,Абрамов,8 220 452 61 98,свободен
Кир,Исаев,Ефимьевич,+7 483 822 47 95,свободен
Нина,Гордеева,Болеславовна,+7 903 508 55 39,занят
Робертовна,Татьяна,Орехова,+7 (756) 525-4316,свободен
Анжела,Дорофеева,Тарасовна,8 (689) 401-85-31,занят
Адриан,Архипов,Аверьянович,8 (782) 206-45-66,занят
Тамара,Анисимова,Тимуровна,+75896685364,в пути
Ильинична,Зоя,Матвеева,83397357043,свободен
Степановна,Оксана,Чернова,8 (795) 067-0944,свободен
Ульяна,Симонова,Георгиевна,8 (823) 549-3482,в пути
Руслановна,Глафира,Куликова,8 (297) 304-6561,свободен
Владимировна,Евгения,Гусева,+75693435730,свободен
Лариса,Богданова,Федоровна,80772890477,свободен
Тимуровна,Лора,Кулагина,8 224 074 71 20,занят
Львовна,Фёкла,Зимина,8 831 908 9526,свободен
Германович,Эдуард,Соловьев,+79562206222,свободен
Евгений,Королев,Федосьевич,+7 (192) 150-3571,свободен
Варлаам,Сергеев,Юльевич,+7 412 973 3445,занят
Руслановна,Марина,Горшкова,8 (259) 545-8771,свободен
Василиса,Мартынова,Тимофеевна,+7 469 683 35 18,занят
Ипполит,Зиновьев,Эдгарович,+7 403 755 2923,занят
Василиса,Блинова,Анатольевна,82783437050,занят
Викторовна,Маргарита,Красильникова,+7 (078) 165-79-92,в пути
Эдуардович,Лонгин,Ефимов,+7 (310) 760-11-61,свободен
Алевтина,Зуева,Тимуровна,8 (293) 644-1148,в пути
Викентьевич,Арефий,Суворов,8 926 955 3132,свободен
Фёдорович,Будимир,Михайлов,+7 (392) 849-46-44,занят
Савва,Буров,Федосеевич,8 (979) 845-73-15,свободен
Романовна,Раиса,Степанова,8 527 976 41 41,занят
Якубович,Всеслав,Ситников,+7 221 468 2454,в пути
Евстигней,Некрасов,Витальевич,+7 (378) 208-4360,свободен
Вадим,Колобов,Ермолаевич,+7 (725) 236-65-82,свободен
Эдгарович,Вячеслав,Шарапов,8 (617) 068-1242,занят
Фока,Зиновьев,Викентьевич,88471823652,занят
Феликс,Мишин,Гордеевич,8 (918) 018-80-48,в пути
Бориславович,Антонин,Уваров,8 (244) 887-3002,в пути
Светозар,Хохлов,Демьянович,+77789990503,занят
Аким,Артемьев,Александрович,8 613 986 53 63,в пути
Лукия,Чернова,Борисовна,+7 (463) 358-2172,свободен
Филипп,Васильев,Гурьевич,+7 (877) 247-6446,в пути
Анна,Игнатова,Георгиевна,8 (011) 980-4000,занят
Лариса,Константинова,Вениаминовна,84162915640,в пути
Ратмир,Емельянов,Германович,8 655 742 01 38,свободен
Матвеевна,Лидия,Игнатова,84294007528,свободен
Никифоровна,Лариса,Зыкова,8 (655) 402-1513,свободен
Фадеевич,Никодим,Якушев,+7 (478) 027-4603,свободен
Исай,Герасимов,Адамович,+7 711 633 4149,свободен
Анатольевна,Марина,Кононова,+7 (649) 660-63-01,в пути
Аксёнович,Эдуард,Жданов,+7 (192) 498-06-70,занят
Дмитриевна,Прасковья,Карпова,+7 (691) 364-5414,свободен
Захаровна,Юлия,Смирнова,+7 (047) 055-79-45,в пути
Авдеевич,Наум,Тарасов,+7 (721) 609-25-87,занят
Степановна,Елена,Нестерова,+7 275 118 95 18,в пути
Иосифович,Степан,Поляков,+7 130 398 54 49,занят
Вениаминовна,Майя,Власова,88349453156,свободен
Сила,Муравьев,Исидорович,86454315386,свободен
Федосеевич,Харлампий,Максимов,+7 224 165 4682,в пути
Вышеслав,Сорокин,Фролович,8 (399) 826-89-39,занят
Натановна,Прасковья,Тетерина,8 (188) 662-8259,в пути
Вера,Мухина,Егоровна,+7 666 483 5683,занят
Захарьевич,Гостомысл,Тарасов,8 (470) 898-6449,свободен
Евпраксия,Иванова,Александровна,8 (247) 792-77-40,свободен
Ксения,Гаврилова,Тарасовна,8 (041) 934-78-70,свободен
Романовна,Алина,Сергеева,8 (179) 082-41-25,в пути
Рубен,Морозов,Фомич,+7 757 762 98 94,занят
Рубеновна,Евпраксия,Большакова,8 867 048 1975,занят
Виктория,Галкина,Ивановна,8 (291) 619-59-26,свободен
Наина,Лапина,Ефимовна,+7 871 525 86 96,занят
Даниилович,Лазарь,Кабанов,+7 977 635 59 45,свободен
Зоя,Лихачева,Сергеевна,8 003 360 2116,в пути
Васильевич,Радислав,Гуляев,+7 804 472 42 23,занят
Горбунов,тов.,Арефий,+7 117 137 24 40,свободен
Модест,Потапов,Афанасьевич,+7 (220) 549-4134,занят
Агафья,Пономарева,Тарасовна,8 664 884 94 24,занят
Аникита,Пономарев,Дмитриевич,8 (730) 847-16-65,в пути
Эдгардович,Дмитрий,Владимиров,8 265 725 15 65,в пути
Оскаровна,Марфа,Уварова,80826339386,свободен
Петровна,Фёкла,Шилова,+7 658 994 0370,занят
Евдокия,Никонова,Ниловна,8 (800) 946-25-86,свободен
Валерия,Фадеева,Степановна,89924721437,занят
Димитриевич,Федосий,Бобылев,+7 (538) 815-45-10,свободен
Аверьянович,Лучезар,Васильев,8 171 674 82 07,в пути
Тихон,Чернов,Иларионович,8 (428) 762-30-67,занят
Антонович,Лучезар,Сергеев,+73778990807,в пути
Кузьминична,Анна,Красильникова,+7 169 970 83 11,занят
Георгиевна,Иванна,Одинцова,+7 026 165 22 46,занят
