id,user_type,name,phone,email
1,физик,Пономарев Евсей Иосифович,+7 (090) 331-9891,lazar_28@example.net
2,юрик,Григорьева Инк,+7 (633) 852-1080,terenti1994@example.com
3,юрик,Артемьева Лтд,+76724182462,nazarovkarp@example.com
4,юрик,ООО «Рябова»,88775900474,kotovaksenija@example.net
5,юрик,Дьячкова и партнеры,8 (316) 346-6849,komarovvadim@example.net
6,физик,Дьячков Самуил Харлампьевич,86141517885,varvara_2020@example.net
7,юрик,Почта России,8 (230) 016-90-08,kotovsila@example.net
8,физик,Макаров Юрий Чеславович,89718480722,wsamolov@example.net
9,физик,Терентий Марсович Кириллов,8 780 644 5597,uljan2015@example.org
10,физик,Валерия Рубеновна Копылова,+75549123408,maksimiljan2018@example.org
11,физик,Гуляев Герман Ермолаевич,8 945 260 85 00,panfilkovalev@example.org
12,юрик,"ООО «Ефимова, Мамонтов и Гаврилова»",8 (957) 871-48-86,isaevjaropolk@example.org
13,юрик,"ОАО «Пономарев, Андреева и Кириллова»",8 175 726 9152,ksenija_1987@example.com
14,физик,Быкова Полина Анатольевна,80972383007,averjan_1977@example.org
15,юрик,Овчинникова Лимитед,8 839 026 44 84,rgusev@example.org
16,юрик,ООО «Герасимова Шашков»,8 (904) 375-9179,isidor2010@example.org
17,физик,Аггей Федосеевич Рябов,+7 055 675 23 66,nikolaevfoka@example.org
18,юрик,НПО «Щербакова Сидорова»,+71624593661,bazhen53@example.org
19,физик,Лидия Алексеевна Шарапова,8 981 341 75 99,kozlovmoise@example.com
20,физик,Шестакова Евпраксия Рудольфовна,8 988 294 66 95,gremislav2004@example.net
21,юрик,ИП «Кулагина»,+7 (569) 260-4901,fortunat_2021@example.net
22,юрик,ЗАО «Мартынов Лебедева»,8 776 561 4341,shestakovkonon@example.org
23,юрик,"РАО «Поляков, Максимов и Колобова»",8 421 208 4508,nikolaevtimofe@example.org
24,юрик,ООО «Беспалов»,+7 599 659 2105,leon_1970@example.org
25,физик,Галина Федоровна Воронова,8 (136) 604-76-94,korolevlavrenti@example.net
26,юрик,"ЗАО «Воронова, Щукина и Антонова»",+7 (296) 801-42-67,dobroslavknjazev@example.net
27,физик,Пимен Адрианович Тарасов,8 (092) 606-7804,adam2016@example.net
28,юрик,ИП «Антонова-Антонова»,8 (221) 421-18-52,potap_2006@example.org
29,физик,Стрелкова Василиса Петровна,+7 482 240 3314,mstislav_2007@example.org
30,физик,Лебедев Адам Владиславович,+70622876607,demid18@example.net
31,юрик,ПТК Уголь,8 (845) 763-25-92,antip_73@example.org
32,физик,Алевтина Рубеновна Полякова,8 (239) 988-7179,onufri1975@example.net
33,юрик,Кабанова Лтд,8 (670) 582-45-99,ustin1995@example.com
34,юрик,Анисимова Лтд,+7 998 707 8294,igor2024@example.org
35,физик,Тихонов Святослав Дмитриевич,+7 (050) 113-91-95,lavdeeva@example.org
36,физик,Архип Валентинович Кошелев,+7 (431) 696-40-91,arhipovmakar@example.com
37,юрик,"ЗАО «Яковлева, Власов и Волкова»",+7 (655) 804-5529,larisa03@example.com
38,юрик,Кордиант,+7 (966) 393-8039,vkapustina@example.net
39,юрик,РАО «Суханов»,+7 660 126 51 54,jaroslav1999@example.com
40,физик,Валентина Андреевна Костина,+71250243144,oktjabrina1970@example.com
41,физик,Казакова Нинель Болеславовна,+7 380 545 9879,sisoevasofija@example.com
42,юрик,ИП «Гаврилова»,+76230531848,pankratmolchanov@example.com
43,физик,Михайлова Вероника Афанасьевна,8 915 044 1903,evdokija_13@example.net
44,физик,Евгения Георгиевна Логинова,+7 (620) 439-69-97,samsonovjuvenali@example.net
45,физик,Евдокимов Клавдий Давыдович,8 (180) 080-81-02,borislavmatveev@example.org
46,юрик,Орехов Лимитед,8 (964) 616-4975,kallistrativanov@example.net
47,юрик,Филатова и партнеры,+75838777516,gusevkornil@example.com
48,юрик,"ЗАО «Кузнецов, Фадеев и Фадеева»",8 (129) 570-09-35,ustin2008@example.org
49,физик,Новикова Татьяна Архиповна,81926964190,kfomichev@example.com
50,юрик,АО «Гущина»,+7 (299) 393-06-22,gleb_60@example.net
51,юрик,"РАО «Агафонов, Волков и Прохоров»",8 (017) 633-3567,ermakovivan@example.com
52,юрик,ИП «Никонов-Пестов»,+7 (383) 135-70-45,fortunat_2000@example.com
53,юрик,НПО «Коновалов»,8 051 031 38 39,anani93@example.com
54,физик,тов. Романова Алевтина Филипповна,+71970851117,sergeevferapont@example.org
55,юрик,Т2 РТК Холдинг,+7 024 125 6936,harlampi_94@example.com
56,физик,Анастасия Львовна Маркова,8 (811) 869-8514,birjukovjuli@example.org
57,юрик,ООО «Беляков-Кондратьев»,82846004249,bobilevavalerija@example.org
58,физик,Семенов Селиверст Тимурович,8 055 269 8938,petr_2004@example.com
59,юрик,ООО «Крюкова»,+7 (545) 288-58-44,ernest05@example.org
60,юрик,Савельева Групп,+7 864 443 43 61,jakub1994@example.com
61,юрик,Самараэнерго,8 760 332 96 87,lihachevluka@example.net
62,юрик,НПО «Аксенов»,8 831 656 7039,sokrat80@example.org
63,юрик,ОАО «Смирнов-Рожкова»,8 (666) 106-0340,feoktist2011@example.net
64,физик,тов. Игнатова Варвара Ивановна,+7 (892) 728-27-59,mina_2012@example.net
65,юрик,ЗАО «Воробьева-Хохлов»,+7 (565) 360-0157,klavdifilippov@example.org
66,юрик,Ильин Инк,+7 (658) 695-67-01,ppetuhova@example.net
67,юрик,ИП «Шарапова Кириллов»,8 (606) 603-06-13,bikovaregina@example.com
68,физик,Фадеева Феврония Кирилловна,86991403027,tvorimir_64@example.net
69,юрик,РАО «Филатова Горбачев»,8 (342) 645-7705,stanislav_1994@example.com
70,физик,Колобов Спиридон Венедиктович,8 705 312 28 59,praskovja2001@example.org
71,юрик,Русакова и партнеры,86227149384,sofron1974@example.org
72,юрик,"РАО «Комиссарова, Суханова и Брагина»",+7 (205) 022-1197,kim2005@example.org
73,юрик,НПО «Афанасьев»,+7 (076) 200-6971,natalja_34@example.net
74,физик,Борисова Марфа Артемовна,+7 (165) 322-6048,jkulagina@example.net
75,юрик,ИП «Дорофеев Шарова»,+7 (686) 570-5253,valentingurev@example.org
76,физик,Таисия Никифоровна Суханова,8 (573) 559-73-05,pbirjukov@example.com
77,юрик,"ОАО «Титова, Гущина и Шарапов»",82865414794,karl1998@example.org
78,юрик,"АО «Назаров, Наумов и Никонова»",+7 (472) 687-3548,silantikostin@example.com
79,юрик,ООО «Селиверстова-Сидорова»,8 (713) 510-5118,dementevfortunat@example.com
80,юрик,Селиверстов Лтд,+7 (809) 808-98-46,aleksandra_65@example.net
81,юрик,Степанов Инкорпорэйтед,+7 707 999 86 17,viktorija_2006@example.com
82,физик,Виктория Викторовна Савина,8 073 137 37 44,ilarion1971@example.net
83,юрик,ЗАО «Шестаков Евсеев»,+7 (135) 305-0058,avgust1996@example.com
84,физик,Ксения Юрьевна Назарова,+7 (922) 707-65-60,ladislav92@example.org
85,юрик,Ильин Инкорпорэйтед,8 952 732 0777,cmishin@example.org
86,юрик,ИП «Королева Баранова»,8 (304) 555-76-89,tvorimir81@example.org
87,юрик,Лазарев Инкорпорэйтед,8 (701) 512-1889,parfen_1973@example.org
88,физик,Полина Ивановна Кудряшова,+7 (520) 365-62-49,timofe89@example.net
89,физик,Белозеров Азарий Эдгарович,+7 622 013 64 26,shchukinagap@example.com
90,физик,Ольга Макаровна Белозерова,8 (975) 243-44-43,georgi_1977@example.net
91,физик,Воронова Елена Даниловна,8 100 249 35 76,timofe1970@example.com
92,физик,Полина Ефимовна Самсонова,8 477 234 8589,zatsevaagafja@example.com
93,юрик,РАО «Соколова-Ермакова»,8 (697) 627-71-86,srozhkova@example.org
94,физик,Алевтина Афанасьевна Ситникова,+7 (127) 675-6725,margarita_1973@example.net
95,юрик,АО «Мишин-Фролов»,+7 795 273 60 52,lnaumova@example.org
96,юрик,Зерно-трейд,+7 (588) 414-93-83,luchezar_65@example.org
97,физик,Лаврентьева Дарья Станиславовна,8 508 971 74 28,lora89@example.org
98,физик,Степанова Глафира Наумовна,84317129802,martinsharapov@example.org
99,юрик,ЗАО «Ковалев Хохлова»,8 729 647 6137,zoja_14@example.net
100,юрик,"РАО «Романов, Воробьев и Яковлев»",+7 (540) 161-7325,hristofor93@example.org
101,юрик,АО «Королева-Соболев»,8 928 151 7960,marina05@example.net
102,юрик,ООО «Большаков Юдин»,+7 (587) 415-2768,lukija22@example.org
103,юрик,Технониколь,+7 166 444 38 96,erofe81@example.net
104,физик,Панфилова Тамара Анатольевна,+79944341042,popovemeljan@example.com
105,юрик,ОАО «Тимофеев-Поляков»,82906432630,lev75@example.org
106,юрик,Globaltrans,82298789866,nestor2008@example.org
107,физик,Олег Феликсович Крылов,8 003 216 2957,zhuravlevamarfa@example.com
108,юрик,Соколов Групп,8 (336) 537-2374,vinogradovjan@example.com
109,юрик,НПО «Кузнецов»,+7 (640) 725-5317,komissarovemil@example.net
110,юрик,Лыткина Групп,+7 (194) 303-55-45,isidorsilin@example.net
111,физик,Вера Ильинична Гущина,82432951475,ebelov@example.com
112,физик,Гусева Елена Тимофеевна,+7 571 087 3178,dmitriignatev@example.net
113,юрик,ОАО «Уварова-Давыдова»,8 802 481 0152,ribakovevgraf@example.net
114,физик,Еремей Германович Князев,+7 108 970 1623,azari_2009@example.com
115,юрик,НПО «Сидоров Сергеев»,8 936 659 52 50,apestova@example.org
116,юрик,"НПО «Трофимов, Сазонова и Евдокимова»",8 571 196 64 67,anisimovonufri@example.org
117,физик,Никанор Авдеевич Королев,+79128676350,gsharapova@example.com
118,юрик,ОАО «Жданов»,+7 370 471 0716,rjabovnikon@example.net
119,физик,Пелагея Болеславовна Бобылева,8 (378) 435-45-74,kapiton46@example.com
120,физик,Майя Болеславовна Гусева,+7 (597) 091-4247,lidija_2019@example.com
121,юрик,ЗАО «Макаров Фадеев»,8 (281) 829-42-19,sevastjan_2013@example.org
122,юрик,ИП «Моисеева Рыбакова»,+7 291 767 50 85,filimon2004@example.net
123,физик,Миронов Казимир Владиславович,8 (349) 860-4201,gorde2023@example.org
124,юрик,ИП «Семенов-Цветкова»,8 439 710 23 67,pmaslov@example.net
125,юрик,"АО «Маркова, Баранов и Шубин»",+7 (788) 430-74-55,sgorbunova@example.net
126,юрик,ООО «Тетерина-Мухина»,+74281733386,selivan93@example.net
127,физик,Остромир Власович Фомин,8 346 371 5648,sidorovamarina@example.org
128,юрик,Устинов и партнеры,8 173 440 91 71,filatovgennadi@example.org
129,юрик,ЗАО «Калинина»,+7 017 140 2666,zinovi_1977@example.org
130,юрик,НПО «Сафонов Крюков»,+7 230 517 9195,kguljaeva@example.net
131,юрик,Группа Илим,+7 052 593 3736,onikiforova@example.net
132,юрик,"АО «Матвеев, Попова и Коновалов»",8 079 672 2787,zikovsofon@example.org
133,физик,Зоя Антоновна Рогова,8 778 199 4532,sorokinaolimpiada@example.net
134,физик,Поляков Трофим Вячеславович,8 775 771 14 28,igor2017@example.org
135,юрик,ЗАО «Шилов Уваров»,8 457 705 72 86,nsergeeva@example.com
136,юрик,НПО «Аксенова Петров»,8 (927) 169-49-15,azarikazakov@example.org
137,юрик,ЗАО «Зыков-Никонов»,+7 (801) 874-26-82,antonovelise@example.org
138,физик,Гордей Георгиевич Агафонов,+7 (041) 437-2148,gavrila40@example.com
139,юрик,Делл (Dell),8 489 837 2140,vgavrilova@example.net
140,физик,Клавдия Васильевна Голубева,+7 (198) 630-46-01,dorofeevamarina@example.org
141,юрик,Туров Инкорпорэйтед,+7 368 603 81 73,timofemironov@example.net
142,юрик,"ЗАО «Ефремов, Ершов и Коновалова»",+7 (566) 752-82-55,kimnikitin@example.com
143,юрик,Гознак,+73931854702,fedot_1990@example.org
144,юрик,ИП «Емельянов-Архипова»,8 (640) 110-30-83,fokinaninel@example.net
145,физик,Вероника Евгеньевна Попова,8 114 771 86 03,eilin@example.net
146,юрик,ООО «Юдина Дьячков»,+7 359 644 52 81,anikita_88@example.org
147,юрик,"АО «Филиппов, Алексеева и Фадеева»",+7 (693) 129-12-94,birjukovsigizmund@example.org
148,физик,тов. Марков Эдуард Филимонович,8 (563) 598-06-38,mihalovaalla@example.net
149,физик,Ершов Виссарион Иларионович,+7 (989) 221-59-44,efim_1971@example.net
150,физик,Лука Фомич Маслов,+79806500007,maja1990@example.net
151,физик,Модест Харлампьевич Суворов,+73889306754,vladislav_1999@example.com
152,юрик,НПО «Фадеева»,+7 163 017 42 75,ratibor_2023@example.org
153,юрик,РАО «Силина-Козлов»,8 202 777 48 12,ruben_2017@example.com
154,юрик,РАО «Павлов»,8 264 647 7789,ipati80@example.net
155,физик,Никифорова Милица Леоновна,8 149 774 6691,ustinovbronislav@example.org
156,физик,Комарова Ангелина Филипповна,8 (166) 121-30-36,osipovvitali@example.org
157,физик,Жанна Аскольдовна Козлова,83229574439,grishinnikola@example.org
158,физик,Пахомова Галина Сергеевна,+7 (361) 480-59-91,blinovnikon@example.org
159,физик,Зыкова Раиса Михайловна,+7 (021) 625-2090,vatslav_2006@example.com
160,юрик,ООО «Дементьева»,+7 (229) 781-78-96,tihon_2008@example.net
161,физик,Доброслав Филатович Кириллов,+7 127 315 20 41,lavrenti_1977@example.com
162,юрик,Группа Агат,8 (010) 335-50-38,martemeva@example.net
163,физик,Алексеев Василий Арсеньевич,+71381413788,hristofor1984@example.com
164,юрик,Верисел-трейдинг,+78735645162,juvenali_48@example.net
165,физик,Владимирова София Борисовна,+79281179254,seliverst1971@example.com
166,юрик,ЗАО «Федорова-Мясникова»,+7 259 802 6828,izot_28@example.com
167,физик,Лихачев Прохор Владленович,+71740985746,nadezhda2022@example.org
168,юрик,РАО «Орлов»,+7 963 567 7186,fortunat2021@example.net
169,физик,Мария Тарасовна Матвеева,8 638 752 92 92,zhdanovarhip@example.org
170,юрик,"АО «Якушева, Чернов и Зимин»",+7 (198) 108-15-22,jangerasimov@example.net
171,юрик,ОАО «Маслова Гришин»,+7 467 491 78 39,bolshakovaveronika@example.org
172,юрик,РАО «Лазарев»,+73196008564,suhanovfilimon@example.com
173,юрик,ИП «Попова Жданова»,8 (728) 226-23-17,anisimovsvetozar@example.com
174,физик,Шестакова Наина Ефимовна,8 (904) 794-17-08,evdokija_2013@example.com
175,юрик,ОАО «Морозова»,8 (989) 250-36-64,tandreev@example.org
176,юрик,Колесников Групп,8 462 878 0843,ukarpova@example.com
177,юрик,Акционерный банк Россия,+7 861 274 98 86,gorshkovalarisa@example.com
178,юрик,Никифорова Инк,8 (539) 309-31-49,teterinnikodim@example.net
179,юрик,РАО «Агафонов Харитонова»,8 (601) 243-2618,hohlovvissarion@example.com
180,юрик,"НПО «Карпов, Владимирова и Прохоров»",+7 (008) 272-68-57,ksemenova@example.org
181,юрик,Л'Ореаль (L'Oreal),8 284 382 99 84,lukjan2013@example.org
182,юрик,АО «Гурьева Сорокин»,8 730 725 0092,kira1970@example.com
183,юрик,РАО «Родионова Овчинников»,+7 (546) 122-55-35,pkostina@example.net
184,физик,Богдан Димитриевич Козлов,8 777 380 3441,elizarnosov@example.net
185,юрик,РАО «Фомичев-Горбунов»,+7 (497) 552-4973,sofija_2010@example.org
186,физик,Фомин Андрон Гавриилович,8 (172) 110-9925,samuil27@example.org
187,юрик,"АО «Фролов, Новикова и Мухина»",8 754 777 5292,parfen_53@example.com
188,физик,Синклитикия Владиславовна Маслова,+7 975 194 26 26,amos1977@example.com
189,юрик,РАО «Воронова»,8 223 938 4582,mamontovprohor@example.com
190,физик,Софон Федосьевич Власов,8 (262) 401-93-99,fedoseevfirs@example.org
191,физик,Турова Олимпиада Харитоновна,87864523899,mshubina@example.org
192,юрик,Сергеев и партнеры,+7 538 146 42 96,karp1994@example.net
193,физик,Яковлева Таисия Кузьминична,+7 (267) 673-0634,klavdi_46@example.net
194,юрик,Славнефть,+7 561 857 4693,zhdanovterenti@example.org
195,физик,Маркова Синклитикия Кирилловна,+7 (203) 953-33-74,igor2002@example.com
196,физик,Ксения Юрьевна Никифорова,+7 475 136 3435,kudrjavtsevazoja@example.org
197,физик,Александров Ипполит Денисович,+7 (645) 580-87-23,innokenti1976@example.net
198,юрик,ЗАО «Федотов Горбачева»,+78115776038,ermilevseev@example.com
199,юрик,"ООО «Белов, Носков и Тарасов»",8 (445) 507-65-16,nosovizmail@example.net
200,юрик,Транскапиталбанк,8 437 802 73 71,noskovaljudmila@example.net
201,физик,Марков Константин Демьянович,8 705 006 19 07,dementi72@example.com
202,физик,Лебедев Гедеон Зиновьевич,8 304 471 16 90,jakushevemmanuil@example.org
203,физик,Игнатьев Максим Трифонович,+7 (971) 410-5173,igor_14@example.net
204,физик,Савватий Евсеевич Бобров,+7 683 764 9306,polina_68@example.net
205,физик,Коновалова Лора Сергеевна,8 091 263 16 98,xkabanova@example.org
206,физик,Смирнова Клавдия Борисовна,+78076032151,mechislav_2017@example.net
207,юрик,"ЗАО «Туров, Владимирова и Рожкова»",8 (786) 347-32-20,denis2015@example.com
208,юрик,"НПО «Зимин, Красильников и Хохлова»",+75075310028,sergeevaemilija@example.com
209,юрик,"НПО «Богданов, Никонова и Шестакова»",+7 (727) 808-18-23,danila96@example.org
210,юрик,ЗАО «Рогова»,81494976871,smirnovapraskovja@example.net
211,физик,Воронцова Октябрина Афанасьевна,8 519 302 6397,zatsevgrigori@example.com
212,юрик,АО «Блохина-Самсонова»,+7 624 423 43 54,haritonovavera@example.net
213,физик,Анжелика Феликсовна Бобылева,+78315988865,marija1974@example.org
214,юрик,Ашинский металлургический завод,+7 (912) 867-0380,kapustinavalentina@example.net
215,юрик,АО «Поляков-Панова»,+79635083068,djachkovaklavdija@example.org
216,юрик,НПО «Макаров-Гурьева»,8 (262) 670-9773,stepanovprokl@example.net
217,физик,Яковлев Измаил Жоресович,+7 (570) 528-44-10,zinaida1987@example.com
218,юрик,"ЗАО «Кулакова, Третьякова и Никонов»",85613565814,kuzminaalevtina@example.net
219,физик,Агата Натановна Белоусова,8 (621) 079-03-68,avgust_1997@example.com
220,физик,Панфилов Валентин Елизарович,8 (419) 410-60-95,kiselevkornil@example.com
221,юрик,Русский уголь,8 (240) 389-78-16,silvestr06@example.com
222,физик,Фома Власович Калинин,8 443 068 89 47,evdokimovevstafi@example.org
223,физик,Амос Адрианович Галкин,+7 279 235 04 59,gurevlukjan@example.org
224,физик,Шашкова Таисия Эдуардовна,8 236 627 4975,safonovspartak@example.org
225,юрик,АО «Гурьева-Силин»,8 (060) 274-9898,pavel_1974@example.com
226,юрик,ИП «Зайцев Игнатьева»,+7 234 406 9656,xbelozerova@example.org
227,физик,Копылова Марина Николаевна,8 413 033 6908,lidija78@example.net
228,юрик,ЗАО «Шашкова Гущина»,+7 888 592 78 15,nekrasovatatjana@example.org
229,юрик,ООО «Устинов Попов»,+7 421 609 3442,borislavtsvetkov@example.com
230,физик,Крюкова Марина Леонидовна,+7 (901) 940-4272,jaropolk71@example.org
231,юрик,Новиков Инкорпорэйтед,8 (111) 139-3893,sokrat_1992@example.org
232,юрик,"ЗАО «Котова, Сафонова и Игнатов»",+7 (800) 293-38-32,romanponomarev@example.com
233,юрик,"ИП «Горбунова, Кондратьев и Рогов»",8 (989) 284-8385,ksenija_2008@example.org
234,юрик,Ачимгаз,+76068237429,valentin42@example.org
235,юрик,Воронцов и партнеры,+7 (989) 070-8124,savinaolga@example.net
236,физик,Ирина Юльевна Зиновьева,+74651410013,ermola1982@example.net
237,юрик,РАО «Устинов»,8 217 891 1238,valerija2021@example.net
238,физик,Вениамин Всеволодович Романов,+7 (174) 274-80-07,pankrat1997@example.net
239,юрик,Сталепромышленная компания,8 557 487 1330,veselovmiron@example.com
240,юрик,QIWI,+7 (960) 480-93-70,varfolomebespalov@example.org
241,физик,Элеонора Петровна Коновалова,85894198239,qzinovev@example.com
242,юрик,Уральский банк реконструкции и развития,+7 (889) 557-8163,miroslav_2001@example.net
243,физик,Беляков Орест Васильевич,8 (181) 983-0004,zosima47@example.com
244,физик,Исаков Терентий Денисович,+79206136876,vshilova@example.net
245,юрик,ООО «Соловьева-Королев»,+7 (888) 403-6759,fedoseevrjurik@example.com
246,юрик,РАО «Киселева»,+78240882201,tit1977@example.org
247,юрик,НПО «Кулаков-Рожкова»,+75126725299,vladimir_56@example.org
248,физик,Назаров Клавдий Харлампьевич,+7 (108) 265-7082,jansavelev@example.net
249,юрик,ЗАО «Котов-Никифорова»,+7 789 732 8060,lora1971@example.net
250,юрик,Зуева и партнеры,+7 769 423 56 46,sitnikovaanna@example.com
251,юрик,АвтоГермес,8 (851) 116-66-82,qhohlova@example.net
252,юрик,РАО «Шарапов-Назарова»,8 942 300 0795,vmiheev@example.net
253,юрик,ЗАО «Харитонова Дмитриев»,80545505369,serafim69@example.org
254,физик,Савина Октябрина Георгиевна,8 (594) 664-1948,lazarevermola@example.com
255,физик,Никитина Валерия Константиновна,+7 902 771 54 55,praskovja_1988@example.net
256,физик,Милица Максимовна Миронова,8 932 183 8437,vkorolev@example.org
257,физик,Виктория Богдановна Князева,89391310932,orlovselivan@example.net
258,физик,Лукин Степан Егорович,8 134 160 8231,simonovmechislav@example.net
259,юрик,Сергеева Лимитед,+7 (275) 408-22-01,antip_2008@example.net
260,физик,Галкин Кир Фомич,8 (253) 199-87-81,merkushevfoti@example.org
261,юрик,ООО «Молчанов-Емельянов»,8 (517) 895-8385,jnikonov@example.org
262,юрик,РАО «Лыткина-Лихачев»,+7 (693) 713-08-11,mihalovfortunat@example.org
263,юрик,Фаберлик,+7 (053) 033-6171,ereme_2011@example.com
264,физик,Мечислав Федосьевич Горбунов,8 (014) 189-45-51,havdeeva@example.org
265,юрик,"РАО «Никонова, Лебедев и Веселова»",+7 852 524 8274,fokasuvorov@example.com
266,физик,Авксентий Эдгардович Панфилов,8 (745) 673-6361,venedikt1994@example.net
267,юрик,НПО «Петрова-Щукин»,8 (388) 184-10-98,konstantinbragin@example.com
268,юрик,Беспалова Групп,+7 368 560 4494,nina2004@example.net
269,юрик,РАО «Кошелева»,+7 (773) 725-88-47,agafonovmechislav@example.org
270,юрик,Терентьев Групп,8 587 543 62 90,turovasinklitikija@example.net
271,юрик,НПО «Суханова-Игнатьева»,+7 (274) 038-5955,dmitrievmina@example.org
272,физик,Анастасия Робертовна Симонова,8 222 293 2793,antonovadarja@example.org
273,физик,Белоусов Сильвестр Эдуардович,8 505 894 3807,karpovlukjan@example.net
274,юрик,ООО «Константинова Абрамов»,8 159 190 02 44,filippovaeleonora@example.net
275,юрик,РАО «Игнатова Молчанова»,8 (939) 765-3106,kvishnjakova@example.org
276,юрик,ИП «Мухин Кириллова»,+7 640 750 0682,roman86@example.net
277,юрик,"ООО «Беляков, Гущина и Лазарев»",8 712 204 46 15,kiselevartemi@example.org
278,юрик,Дорофеев Инк,8 (781) 488-81-92,demid_2024@example.org
279,юрик,Ларионова Групп,8 581 710 0819,jakub12@example.com
280,юрик,Группа ГМС,+7 611 423 35 70,moiseevaanzhela@example.net
281,физик,Амвросий Данилович Волков,+7 925 835 07 78,burovdemjan@example.net
282,юрик,Пестов Инк,8 075 717 0706,suhanovtaras@example.net
283,юрик,Артемьева Инк,8 (931) 458-95-93,miroslav08@example.com
284,юрик,"ООО «Фокин, Киселева и Абрамова»",+71671464924,larisa1985@example.net
285,физик,Тихонов Прохор Демьянович,+7 117 122 9943,simon_1971@example.com
286,физик,Тарасов Петр Бориславович,+7 734 220 4626,anikita2006@example.com
287,физик,Евграф Витальевич Кондратьев,8 (224) 164-20-73,ivanna_06@example.net
288,физик,Петров Будимир Демидович,83768458740,mnikolaeva@example.org
289,физик,Мельников Прокл Устинович,8 356 953 3524,sitnikovalarisa@example.net
290,физик,Нина Григорьевна Бурова,8 (718) 559-1214,jaroslav2015@example.com
291,физик,Романова Евфросиния Яковлевна,+7 (419) 007-78-65,lidija2002@example.com
292,юрик,"ЗАО «Титова, Денисов и Панфилов»",8 285 467 08 45,eliseevbazhen@example.org
293,физик,Федот Юлианович Белозеров,8 (894) 406-8451,ovchinnikovonufri@example.com
294,юрик,"АО «Горбунов, Ершова и Колесников»",+7 242 522 6100,sharapovmaksim@example.net
295,юрик,Козлов и партнеры,+7 134 562 71 24,gsamolova@example.net
296,физик,Дементьева Тамара Святославовна,+7 (047) 024-0745,fedorfokin@example.org
297,юрик,ООО «Муравьева-Журавлев»,+74964753645,ljubov2022@example.net
298,юрик,ЗАО «Тарасов»,+77411019681,moiseevvalentin@example.net
299,юрик,ИП «Соловьева Игнатьев»,+70582571312,emeljansolovev@example.net
300,физик,Антонова Елизавета Руслановна,+7 381 769 94 26,ignatevgerman@example.net
301,физик,Агафонов Никифор Анисимович,+7 612 301 07 25,maksimovadarja@example.com
302,юрик,Адидас (Adidas),+7 (466) 648-63-23,gedeon_2000@example.org
303,юрик,АО «Орлова»,83314539781,golubevsokrat@example.net
304,физик,Еремей Эдгардович Козлов,+7 (885) 872-4283,mechislavkrasilnikov@example.com
305,юрик,"ООО «Фокин, Сафонов и Тихонова»",8 673 618 4595,ljubov_1977@example.net
306,юрик,Борисова Инк,8 377 697 5696,nazarovlev@example.com
307,юрик,"АО «Мясникова, Калинин и Селезнева»",8 (297) 204-03-67,shubinaolimpiada@example.org
308,физик,Фомин Мирон Феофанович,8 (655) 783-2758,kalininatamara@example.net
309,физик,Ананий Фомич Рожков,+7 (234) 071-8358,dmitri_00@example.com
310,юрик,Рогова и партнеры,+7 (098) 166-48-75,qzhuravleva@example.net
311,физик,Ситникова Лариса Альбертовна,8 136 060 53 23,akulina1981@example.org
312,юрик,Белозеров Лтд,+78005818676,muravevtaras@example.org
313,физик,Моисеев Автоном Жанович,+7 (117) 626-1574,iershov@example.org
314,физик,Феврония Артемовна Копылова,+7 938 627 3549,milovanmaksimov@example.net
315,физик,Крюкова Василиса Макаровна,83123820068,mefimov@example.org
316,юрик,ФСК Лидер,+7 301 597 7190,uvarovmilan@example.net
317,юрик,ИП «Герасимова Крюков»,+7 192 402 83 81,kazimir_2009@example.net
318,юрик,Соловьев и партнеры,8 (841) 133-3414,denis70@example.net
319,физик,Капустин Эдуард Брониславович,+7 630 276 4712,fedosi_29@example.org
320,юрик,ОАО «Прохорова-Андреев»,+7 708 544 2062,pimen2004@example.net
321,физик,г-жа Федосеева Синклитикия Яковлевна,8 (609) 375-6929,kondrat_1994@example.org
322,физик,Казимир Борисович Павлов,8 073 807 8203,ilja84@example.com
323,физик,Бирюков Осип Эдуардович,+7 355 500 3781,simon46@example.org
324,юрик,Никифорова и партнеры,8 (109) 146-5895,kazimir1997@example.org
325,юрик,АО «Веселова Зыкова»,+7 520 680 0044,kkotov@example.net
326,физик,Павел Тарасович Смирнов,87991716250,etarasov@example.net
327,юрик,ИП «Шилова Фокин»,+7 122 612 04 92,luka2019@example.com
328,юрик,Трансмашхолдинг,8 (500) 782-19-22,demid28@example.org
329,физик,Крылова Ксения Ждановна,81143671893,klavdija1991@example.org
330,физик,тов. Щербаков Анатолий Арсеньевич,+72057068893,filatovignati@example.com
331,физик,тов. Тимофеева Ангелина Захаровна,8 371 308 87 56,viktorija1994@example.net
332,физик,Ольга Эдуардовна Петрова,+7 815 862 19 63,turovavalentina@example.com
333,физик,Клавдия Григорьевна Нестерова,+7 480 182 00 11,turovavgust@example.org
334,физик,Ирина Семеновна Матвеева,8 150 745 1443,petr_1972@example.com
335,физик,Пелагея Кирилловна Кудрявцева,+7 028 797 0235,kostinaljudmila@example.net
336,юрик,ООО «Исаков»,+7 (427) 942-6459,zhukovkarp@example.org
337,физик,Ольга Вениаминовна Стрелкова,+7 (270) 815-8762,isaevsavvati@example.org
338,физик,Егорова Майя Кузьминична,+7 (701) 630-25-87,kirillovmartin@example.com
339,физик,Полина Ждановна Матвеева,8 (989) 026-7842,jnikolaev@example.com
340,физик,Олимпиада Ждановна Морозова,+7 161 428 51 70,polikarp_27@example.org
341,юрик,НПО «Селиверстов»,+7 (023) 372-1214,sokrat26@example.com
342,физик,тов. Селезнева Наина Борисовна,+7 697 372 32 36,konovalovaoksana@example.com
343,физик,Павлов Парфен Авдеевич,8 906 312 3350,zinovi_39@example.com
344,юрик,ОАО «Беляков»,8 744 250 58 92,hristofor72@example.net
345,юрик,ФортеИнвест,+7 (264) 349-12-94,elizarbogdanov@example.net
346,юрик,Новикомбанк,8 782 616 3301,zinovi_99@example.org
347,физик,Лариса Афанасьевна Павлова,8 120 438 5709,longinshchukin@example.net
348,физик,Вероника Кузьминична Боброва,8 (395) 512-01-46,margarita1992@example.com
349,физик,Анастасия Эдуардовна Яковлева,8 246 600 3456,bikovjuri@example.com
350,юрик,ЗАО «Ермакова-Игнатьева»,87937314688,haritonovavksenti@example.net
351,физик,Никифоров Исай Алексеевич,8 (105) 173-2557,vissarion1989@example.net
352,юрик,Быкова Лимитед,+7 569 874 8777,ija2020@example.net
353,юрик,Калинина Инкорпорэйтед,+7 031 199 66 61,artemjakushev@example.net
354,юрик,РАО «Артемьева Борисов»,87324369806,hshchukina@example.org
355,юрик,"ОАО «Харитонов, Муравьева и Сысоева»",+7 (910) 750-37-63,semenovjuri@example.org
356,юрик,ЗАО «Кузнецова»,+7 (491) 402-07-35,pzhdanova@example.net
357,юрик,ООО «Шарапов-Карпова»,8 852 316 03 30,bkrasilnikova@example.org
358,физик,Евпраксия Аркадьевна Ефремова,80374915121,qbelousova@example.org
359,юрик,Калашникова Лтд,+7 (496) 417-53-99,taisija23@example.net
360,физик,Молчанов Трифон Глебович,8 207 513 55 83,bikovkonon@example.com
361,юрик,РАО «Игнатов-Капустин»,+7 (531) 935-94-91,vitalivolkov@example.com
362,юрик,РАО «Афанасьев Константинов»,+7 254 048 36 37,nonna21@example.net
363,юрик,АО «Борисов Коновалова»,+7 274 498 41 22,aleksandrovvarfolome@example.org
364,физик,Нестерова Варвара Ждановна,+7 211 839 31 89,sila2013@example.org
365,физик,Лидия Рубеновна Исакова,8 (268) 196-27-21,ustinovnikandr@example.com
366,физик,Пахом Харитонович Павлов,8 (062) 665-6309,zlihachev@example.com
367,юрик,ЗАО «Гурьев Юдина»,+7 535 243 67 22,avksenti21@example.net
368,физик,Белякова Анжела Ждановна,+7 (422) 225-69-20,ljubomir2002@example.com
369,юрик,ОАО «Попова-Богданов»,+7 657 677 2159,krasilnikovgremislav@example.com
370,физик,Горбачева Кира Даниловна,+7 (612) 599-5823,bobrovadam@example.net
371,физик,Юдин Януарий Игоревич,85432114982,kiselevairina@example.org
372,физик,Надежда Захаровна Самсонова,8 (127) 734-2078,vsemilisakov@example.net
373,юрик,"НПО «Котов, Селиверстов и Семенова»",+7 742 963 9510,muravevhristofor@example.net
374,физик,Евфросиния Робертовна Фадеева,8 398 596 1046,ereme32@example.org
375,юрик,Сазонов Инк,+7 (678) 808-09-15,romanovkir@example.net
376,физик,Светлана Евгеньевна Белова,+7 (229) 504-55-56,morozovegor@example.org
377,юрик,ЗАО «Евдокимов Носкова»,8 114 477 4439,pburova@example.net
378,физик,Нонна Олеговна Громова,8 881 826 41 53,parfen_73@example.net
379,физик,Мариан Анатольевич Медведев,8 624 237 3791,gmakarov@example.org
380,юрик,РАО «Панова»,83847419552,kallistrat24@example.net
381,физик,Галкина Ульяна Антоновна,8 095 908 53 93,agushchina@example.net
382,юрик,ИП «Носов Нестеров»,+7 214 890 09 17,egorovavalerija@example.com
383,физик,Николаева София Алексеевна,8 685 622 21 61,dobromisl_2009@example.org
384,юрик,ОАО «Лазарев»,+7 911 589 7536,vatslavtsvetkov@example.com
385,физик,Анжела Матвеевна Субботина,88246944469,aleksandrovatatjana@example.org
386,юрик,ТЭК СПБ,8 (127) 383-05-62,ivan1977@example.org
387,юрик,"РАО «Пахомова, Громов и Лапин»",+7 (822) 933-0981,titovmark@example.org
388,физик,Шарапов Клавдий Герасимович,+74563927246,foka_1984@example.org
389,юрик,ООО «Котова Кузьмина»,8 279 092 0341,vkalinin@example.org
390,физик,Соколова Регина Кузьминична,80295554921,aleksehohlov@example.com
391,юрик,ГК Орими Трэйд,+7 (333) 664-86-95,antonina27@example.net
392,юрик,ЗАО «Лукин»,+70179086208,pelageja93@example.com
393,физик,Вишняков Святослав Ильясович,+7 (996) 308-87-02,german_2021@example.org
394,юрик,АО «Данилов Цветков»,+7 (094) 822-5384,lebedevvissarion@example.org
395,физик,Евстигней Фадеевич Журавлев,8 266 272 3036,evgraf_55@example.net
396,физик,Лидия Феликсовна Меркушева,+7 960 261 0959,kuzma88@example.org
397,юрик,ФСК Лидер,+7 235 307 92 29,mihe_1984@example.org
398,юрик,НПО «Тихонов»,+72911213587,bikovaelena@example.org
399,юрик,ОАО «Субботин-Титов»,8 (269) 512-2872,vatslav00@example.org
400,физик,Никандр Димитриевич Суханов,88470764167,ashchukina@example.com
401,юрик,ЗАО «Большакова Константинова»,8 (705) 381-89-02,varvara72@example.com
402,юрик,РАО «Виноградова-Матвеева»,8 (452) 332-82-15,popovtimur@example.org
403,физик,Михеева Нина Робертовна,+7 801 041 21 53,vasilevdmitri@example.com
404,физик,Кабанова Пелагея Артемовна,+7 (652) 476-0227,prov_76@example.org
405,физик,Галина Юльевна Смирнова,+7 202 675 49 61,kliment_29@example.com
406,юрик,"НПО «Кириллова, Веселова и Коновалова»",+7 (505) 669-84-39,gsavin@example.com
407,юрик,"ООО «Журавлев, Волкова и Комиссарова»",8 348 745 05 43,nkozlova@example.org
408,юрик,Fix Price,8 (161) 841-76-51,lavr2007@example.net
409,юрик,ЗАО «Гаврилова»,8 (145) 536-70-28,fblinov@example.org
410,физик,Лукия Святославовна Симонова,8 707 574 10 67,maslovfoma@example.org
411,юрик,Сталепромышленная компания,+7 (919) 979-7354,nikiforovdorofe@example.org
412,юрик,ООО «Зайцев»,+77367924442,taras1977@example.org
413,юрик,Кабанов Инк,8 241 117 6499,tfedotov@example.net
414,физик,Виссарион Владленович Панов,+7 484 016 15 27,akulina_1998@example.com
415,физик,Зайцев Фрол Игоревич,8 (277) 163-4190,porfiri_2006@example.org
416,юрик,Фармстандарт,+7 (251) 398-6131,tit1995@example.net
417,юрик,ООО «Шарапова Белова»,8 (048) 481-4393,panfilovparamon@example.com
418,юрик,РАО «Борисов»,85544126001,kolesnikovgerman@example.net
419,физик,Потапов Сильвестр Архипович,+77864550564,mechislavveselov@example.net
420,юрик,АО «Гущина Уварова»,8 (867) 265-53-90,bobilevamargarita@example.com
421,физик,Суханов Мирослав Антипович,8 757 222 2762,ferapont_1976@example.net
422,юрик,ОАО «Уваров-Кузнецова»,8 906 791 79 52,zatsevjulian@example.net
423,юрик,Группа ГАЗ,8 (728) 642-98-37,igor33@example.net
424,юрик,ООО «Быков»,+7 (840) 325-27-51,kondratevseliverst@example.org
425,физик,Белов Панкрат Егорович,8 (678) 184-0896,knjazevvarfolome@example.net
426,физик,Серафим Феликсович Орлов,+7 (303) 701-3698,vatslavisaev@example.org
427,юрик,ЗАО «Макаров Михайлова»,8 138 022 30 34,pantelemonershov@example.net
428,физик,Соколов Захар Адрианович,8 586 738 7448,mechislav_2023@example.org
429,физик,Боброва Дарья Макаровна,+76478518955,zaharafanasev@example.org
430,физик,Феоктист Федосьевич Савин,+7 (250) 966-2635,vera20@example.com
431,физик,Рюрик Васильевич Осипов,8 (765) 635-8444,faina_1988@example.net
432,физик,Лобанов Аркадий Ефстафьевич,8 744 079 0171,emilija57@example.org
433,физик,Никифор Игнатович Крюков,8 200 337 9269,emeljan1981@example.net
434,юрик,ООО «Зуев-Игнатьев»,8 (453) 690-68-58,sobolevkonon@example.com
435,юрик,ООО «Андреева»,8 905 714 21 64,ivanna2002@example.com
436,физик,Светлана Даниловна Ефимова,8 624 854 18 85,borislavnaumov@example.net
437,физик,Афанасьев Ермолай Харитонович,+7 295 785 51 97,bolshakovpanfil@example.net
438,физик,Клавдия Кирилловна Субботина,8 290 298 0394,timur_64@example.com
439,юрик,"ИП «Самойлов, Павлова и Яковлев»",+7 281 376 1127,pahomovemeljan@example.com
440,физик,Доронин Аверьян Александрович,+7 045 428 3202,prokl22@example.net
441,физик,Силин Измаил Захарьевич,8 538 493 99 33,bojantimofeev@example.net
442,физик,Григорьев Никанор Харламович,8 (792) 510-5877,korolevstojan@example.com
443,физик,Анастасия Анатольевна Денисова,8 (749) 351-9270,lebedevazoja@example.com
444,юрик,ВГТРК,+7 (752) 352-33-63,popovevlampi@example.com
445,юрик,РАО «Емельянова-Жукова»,+7 436 553 85 14,iljaartemev@example.net
446,юрик,"ООО «Суханова, Никифорова и Ермаков»",8 (901) 548-4948,serafim1982@example.com
447,юрик,Магнолия,+7 (112) 294-94-86,dorofe_2001@example.net
448,физик,Виноградова Александра Харитоновна,+7 (923) 677-0682,zinaida_38@example.org
449,юрик,Смирнов Инк,+7 (798) 222-4075,ruslan85@example.org
450,физик,Беспалова Наина Оскаровна,8 779 066 3342,georgi_1985@example.com
451,физик,Сорокина Полина Дмитриевна,+7 (591) 329-4165,rodionovapelageja@example.org
452,юрик,Быков и партнеры,+7 364 648 53 50,vlasovapelageja@example.net
453,физик,Беспалова Алевтина Кузьминична,+7 (615) 320-0268,akulina1972@example.com
454,юрик,ИП «Давыдова»,+73521547162,julian_2001@example.org
455,юрик,НПО «Семенов Смирнова»,+7 (131) 058-47-28,adrian_82@example.com
456,физик,Некрасова Фаина Васильевна,8 071 318 5292,kondrati1989@example.net
457,юрик,Метро Кэш энд Керри (Metro Cash & Carry),8 950 129 82 22,mir_79@example.org
458,юрик,"АО «Кулаков, Морозова и Денисов»",8 (781) 723-5365,kirbolshakov@example.org
459,юрик,ООО «Константинова-Лаврентьев»,+7 504 917 6194,kuprijan1982@example.com
460,юрик,"РАО «Панов, Емельянов и Виноградова»",8 795 961 4545,ignati61@example.org
461,физик,Спиридон Геннадиевич Шилов,8 (511) 139-30-86,zdoronin@example.org
462,физик,Зинаида Геннадьевна Емельянова,8 672 115 47 64,panfilovsidor@example.com
463,физик,Иннокентий Димитриевич Васильев,8 (097) 431-85-30,maksimiljanrogov@example.org
464,физик,Сазонова Регина Кузьминична,82954345813,naumovsimon@example.net
465,юрик,Николаева и партнеры,8 292 108 6880,jakovlevaevpraksija@example.org
466,физик,Яковлева Марфа Николаевна,8 927 158 2328,german36@example.org
467,юрик,АО «Белов»,8 (843) 382-24-90,maja_22@example.net
468,юрик,ЗАО «Шестаков Куликова»,84144854258,djachkovklavdi@example.org
469,юрик,"НПО «Лихачев, Лобанов и Романова»",8 445 804 6331,ernst_1977@example.com
470,юрик,ИП «Кириллова-Колесникова»,+7 807 503 31 00,roman_1979@example.org
471,физик,Савельева Василиса Матвеевна,8 743 149 7008,vasili2024@example.com
472,юрик,Павлов Лимитед,8 238 264 21 70,izmail_11@example.org
473,физик,Смирнова Синклитикия Матвеевна,+7 (981) 498-19-63,marianbelousov@example.net
474,юрик,ОАО «Муравьева»,80841305064,vikenti1982@example.com
475,юрик,Сергеев Лимитед,+7 (673) 849-6014,samson1988@example.com
476,физик,Остромир Ефимьевич Матвеев,+7 305 745 7864,aristarhsharov@example.org
477,юрик,РАО «Корнилова»,+7 (690) 425-74-81,budimirkuznetsov@example.com
478,физик,Князев Будимир Фадеевич,8 (215) 002-2740,shashkovaija@example.org
479,юрик,Якушева Групп,+7 665 553 89 82,arefi25@example.org
480,физик,Твердислав Артемьевич Михайлов,+7 025 299 3157,jshcherbakova@example.com
481,физик,Дьячкова Ангелина Ниловна,8 561 765 78 12,zosima1970@example.org
482,юрик,"НПО «Гурьева, Агафонова и Лыткина»",8 (790) 170-1084,marfa_1982@example.com
483,физик,Регина Константиновна Турова,+7 438 807 01 57,radislavzatsev@example.com
484,физик,Лобанова Евпраксия Петровна,81429451284,potapprohorov@example.net
485,физик,Нинель Аркадьевна Захарова,8 273 776 41 90,serafim79@example.org
486,физик,Меркушев Ефим Денисович,8 207 181 90 18,efremovprokl@example.org
487,физик,Елизавета Ефимовна Уварова,8 252 787 1846,ustinovsilanti@example.com
488,юрик,АО «Казаков»,8 369 283 58 33,ivanovcheslav@example.net
489,физик,Нестеров Святослав Аксёнович,+70223078788,karl2022@example.net
490,юрик,ЗАО «Стрелкова Кононов»,8 569 900 31 95,veniamin36@example.org
491,физик,Кудряшов Гаврила Елизарович,8 (230) 161-1834,januari_2018@example.com
492,юрик,Жукова Лимитед,8 (751) 250-13-91,isidor_2012@example.net
493,физик,Анжелика Робертовна Беспалова,84149055805,shashkoverast@example.com
494,юрик,РАО «Горшкова»,+7 741 897 2081,qgrigorev@example.org
495,физик,Большаков Гедеон Валерианович,8 (541) 454-8005,valerjanbolshakov@example.com
496,юрик,ОАО «Горшкова-Рожков»,86888563039,wmelnikova@example.org
497,юрик,"РАО «Лебедева, Андреев и Игнатьева»",+7 (059) 129-1567,lazarevalarisa@example.net
498,юрик,РАО «Петухов Миронова»,+7 (026) 388-0600,fegorova@example.com
499,юрик,АО «Ковалева-Кузнецова»,+7 885 324 19 24,mnosov@example.net
500,физик,Таисия Макаровна Логинова,8 (109) 930-6122,ikornilov@example.org
501,юрик,РАО «Шарапов»,+7 452 701 10 36,gorbachevlavr@example.net
502,юрик,Егоров Лимитед,+7 889 272 7761,ratibor_99@example.net
503,юрик,ОАО «Лобанов Дьячкова»,82160267655,hristofor35@example.com
504,юрик,АО «Фомичев»,8 (759) 210-0917,vladislav37@example.net
505,юрик,ТМК Чермет,+74094137019,feoktist_31@example.org
506,юрик,АО «Казакова»,+7 944 823 5271,arhipovairaida@example.com
507,юрик,АО «Блинов»,8 (096) 498-9795,andron2019@example.com
508,юрик,ООО «Селезнев»,8 092 548 6124,matveevjulian@example.org
509,физик,Наумов Фома Ерофеевич,+7 788 552 1174,nesterovaraisa@example.com
510,физик,Аполлон Гавриилович Мухин,83871619380,nikanor_41@example.net
511,физик,Ларионова Майя Вениаминовна,88081049817,makarovpankrat@example.com
512,юрик,"АО «Титов, Воробьев и Коновалова»",8 460 986 4460,jrozhkova@example.org
513,физик,Аверкий Жанович Казаков,+7 (341) 250-3210,anisim_1985@example.net
514,юрик,ИП «Беспалова»,8 (463) 959-85-81,mihalovaolga@example.net
515,юрик,"ИП «Шашкова, Сорокина и Боброва»",+7 860 866 3012,regina31@example.org
516,физик,Артемий Борисович Елисеев,+7 (499) 214-47-80,ostromirgrishin@example.com
517,физик,Зимина Марфа Александровна,+7 363 935 4341,moiseevkarp@example.net
518,юрик,ИП «Шаров Федосеев»,+7 (297) 759-8797,anisimovkuzma@example.net
519,юрик,ЗАО «Борисова»,+7 576 828 7966,bogdanovolimpi@example.org
520,физик,Денисов Фортунат Чеславович,8 (039) 566-93-60,mihalovboris@example.org
521,юрик,АО «Якушев Казакова»,+7 (145) 119-44-97,bshestakov@example.net
522,физик,Агафья Вениаминовна Зуева,8 (002) 713-1879,vasilisa29@example.com
523,физик,Прохоров Спартак Феофанович,8 (649) 632-17-26,denis_93@example.net
524,физик,Рябова Фаина Кузьминична,8 452 348 8418,ershovanonna@example.com
525,физик,Валентина Анатольевна Осипова,81077667433,simonovsilanti@example.org
526,физик,Логинова Глафира Аскольдовна,+7 (820) 541-9490,kira85@example.com
527,юрик,РАО «Кондратьев-Блинова»,+7 (783) 263-27-18,klimentgorshkov@example.com
528,физик,Лапина Фаина Мироновна,+7 (095) 672-90-83,tatjana_2010@example.org
529,юрик,Попов Лимитед,+7 575 803 19 59,mirondrozdov@example.com
530,физик,Чернова Валерия Дмитриевна,8 (231) 013-37-97,pkulikova@example.net
531,физик,Глафира Георгиевна Волкова,8 452 240 8752,vitali_2016@example.com
532,юрик,НПО «Анисимов-Меркушева»,+7 (931) 623-1189,lfrolova@example.com
533,физик,Анна Ефимовна Рогова,87703378040,guljaevfade@example.com
534,физик,Меркушев Варфоломей Евстигнеевич,8 (742) 797-3958,lgrishina@example.org
535,физик,Лев Федосьевич Субботин,8 320 744 55 49,vishnjakovroman@example.com
536,физик,Любовь Владимировна Лихачева,8 (596) 982-6686,blohinafinogen@example.org
537,юрик,ИП «Егоров-Сидорова»,+7 (618) 747-54-94,varfolome_32@example.net
538,юрик,ИП «Аксенова Степанова»,+77127521657,klavdija_2000@example.org
539,физик,Зыков Эраст Чеславович,8 251 901 84 67,amos_1991@example.net
540,юрик,НПО «Некрасова-Орехова»,+7 (114) 265-76-93,varvara2021@example.net
541,юрик,Агафонов Лимитед,+7 142 879 8216,lukija_2007@example.net
542,физик,Клавдия Вячеславовна Зыкова,82263885806,veronika60@example.org
543,физик,Элеонора Семеновна Баранова,+75706068294,golubevfilipp@example.org
544,юрик,"АО «Борисов, Устинова и Кузьмин»",+71668506736,rodion97@example.com
545,физик,Семен Гордеевич Кузьмин,+70490569146,bobilevtimur@example.net
546,юрик,ИП «Соловьев-Зыков»,8 (419) 501-58-13,kulikovostromir@example.org
547,юрик,ЗАО «Терентьева»,8 (030) 635-02-47,gurevvatslav@example.com
548,юрик,Фомичева Инкорпорэйтед,8 (153) 699-5327,haritonovspartak@example.org
549,физик,Марина Вячеславовна Аксенова,8 416 988 8337,nesterovaemilija@example.net
550,юрик,Ермаков Лимитед,+7 718 016 4907,sisoevapraskovja@example.com
551,физик,тов. Федосеев Тихон Александрович,+7 494 412 8707,ija2012@example.net
552,юрик,"ОАО «Носова, Ковалева и Яковлев»",+7 (766) 008-4467,korolevatatjana@example.com
553,юрик,РАО «Федотова-Васильева»,8 781 633 00 35,osipovratmir@example.org
554,юрик,ОАО «Елисеев Воронов»,8 (328) 650-67-37,solomon1997@example.com
555,юрик,ЗАО «Виноградов»,8 (691) 314-57-87,askoldevseev@example.com
556,юрик,Некрасов Лимитед,8 381 524 4070,potap1981@example.com
557,физик,Гришина Елизавета Кузьминична,+74065859563,gennadi1985@example.com
558,юрик,"АО «Сорокин, Игнатьев и Некрасов»",+70989304194,gromovgrigori@example.org
559,юрик,ООО «Орехова Веселова»,+7 879 162 59 76,kim14@example.org
560,физик,Самсонова Антонина Кузьминична,8 179 641 59 00,sitnikovairaida@example.org
561,физик,Юдина Ольга Мироновна,+7 (745) 057-3689,emil_2002@example.com
562,юрик,НПО «Авдеева Субботина»,8 (661) 795-5956,eisakov@example.net
563,юрик,ОАО «Меркушева-Стрелкова»,+7 (841) 655-1860,erofe_93@example.net
564,юрик,Мишлен (Michelin),84448557273,marija_91@example.com
565,физик,Кира Альбертовна Гурьева,8 (009) 003-1636,nadezhda_2023@example.net
566,физик,Арсений Захарьевич Блохин,8 729 624 3248,rodionovafekla@example.org
567,юрик,ОАО «Александров»,+7 (155) 503-8172,silinairina@example.net
568,юрик,ИП «Карпова-Воронов»,+7 (404) 390-63-15,semen_44@example.com
569,юрик,Наумова Групп,8 (641) 727-74-10,afanasi1976@example.org
570,юрик,Ново-Уренгойская газовая компания,8 (685) 370-20-34,sharapovseliverst@example.net
571,юрик,ЗАО «Константинов»,81019901797,nadezhda2000@example.net
572,физик,Кулагина Валентина Алексеевна,+73301532364,julismirnov@example.com
573,физик,Татьяна Ефимовна Бирюкова,8 493 299 07 64,tverdislav2006@example.net
574,физик,Святослав Федосеевич Шаров,+7 (041) 508-29-51,osip_1985@example.org
575,юрик,Метрострой,+7 (666) 472-88-39,wsolovev@example.net
576,юрик,"РАО «Яковлев, Зиновьева и Макаров»",8 (641) 272-18-61,eduard49@example.com
577,юрик,"ООО «Козлова, Исаков и Сысоева»",+7 (344) 098-6525,radislav72@example.net
578,юрик,ОАО «Лихачев»,+70793879063,sobolevroman@example.org
579,юрик,Фролова Групп,8 (429) 116-36-46,budimir2017@example.net
580,юрик,Объединенная энергетическая компания,87400818491,zinovi1993@example.net
581,физик,Нестерова Евфросиния Святославовна,82205091217,aalekseeva@example.net
582,физик,Соломон Глебович Марков,8 (623) 776-81-27,borislav_01@example.net
583,физик,Лавр Ярославович Ситников,+7 982 391 07 84,skiseleva@example.org
584,физик,Галкин Марк Германович,+7 (178) 928-28-40,sharapovnatan@example.net
585,физик,г-н Зимин Милован Гурьевич,+70144949135,ermilnikonov@example.org
586,физик,Беспалова Анжела Оскаровна,8 531 314 5916,zinovi1986@example.com
587,юрик,"НПО «Семенов, Селиверстов и Смирнов»",8 (398) 044-03-95,marianseliverstov@example.org
588,физик,Марина Никифоровна Русакова,8 323 083 60 35,fade2020@example.org
589,юрик,ЗАО «Муравьев-Сорокина»,+7 (905) 371-28-31,umamontova@example.org
590,физик,Клавдия Кузьминична Степанова,8 (927) 197-93-54,vlas_1993@example.org
591,юрик,ДНС Групп,8 307 972 8887,gorbachevvelimir@example.net
592,юрик,Салым Петролеум,+74191840050,emeljan_2003@example.com
593,юрик,АО «Корнилов-Фомичева»,+7 (826) 936-29-32,fortunatmoiseev@example.com
594,физик,Арсений Фёдорович Назаров,8 948 525 32 78,evdokimovisidor@example.net
595,физик,Надежда Руслановна Сысоева,8 (996) 910-8896,opahomov@example.com
596,юрик,НПК Уралвагонзавод,+78648051695,fedoseevajulija@example.com
597,юрик,ООО «Новикова Архипова»,+78466728927,chernovaoksana@example.org
598,физик,Лобанов Елизар Устинович,+7 726 100 36 25,marfa2002@example.net
599,юрик,ИП «Комиссарова»,8 585 111 64 98,pavel_93@example.org
600,юрик,ЗАО «Герасимов»,+7 (960) 076-5324,hturov@example.net
601,юрик,"ООО «Симонова, Ильина и Казакова»",8 462 996 9715,selivan_61@example.net
602,юрик,"ОАО «Зайцева, Шубина и Крюкова»",+72495258869,volkovamaja@example.com
603,физик,Александра Тимуровна Рогова,89512682866,jaropolknosov@example.org
604,юрик,Новосталь,87773247013,klavdi2002@example.org
605,юрик,"ООО «Кабанов, Титов и Ефремова»",+7 831 007 8967,titovaoktjabrina@example.com
606,физик,Шилова Агафья Кузьминична,8 282 695 72 98,gorshkovaelena@example.org
607,физик,Антонина Филипповна Ширяева,+77210140076,varvara56@example.com
608,юрик,Гущина Инк,+7 668 204 93 19,martinovstanislav@example.com
609,юрик,НПО «Зиновьев»,8 (468) 206-45-92,ladimir1978@example.com
610,юрик,ЧТПЗ,+7 (557) 301-0276,evdokim12@example.org
611,юрик,Юг-Авто,8 (757) 339-97-20,nmedvedev@example.org
612,юрик,"РАО «Соловьев, Юдина и Одинцова»",8 402 984 46 61,silanti37@example.net
613,физик,Добромысл Борисович Сидоров,8 793 456 9743,prohor_1980@example.net
614,юрик,АО «Якушева-Зуев»,8 645 811 01 91,kudrjashovjuri@example.org
615,юрик,АО «Кошелева-Комаров»,8 316 624 7725,ustinovuljan@example.org
616,физик,Сергеев Изот Дорофеевич,+7 (890) 061-11-55,evdokija_1988@example.net
617,физик,Коновалова Василиса Леоновна,8 (495) 376-21-98,galina62@example.net
618,юрик,ОАО «Константинова Князева»,8 476 736 55 72,tsvetkovljubim@example.org
619,юрик,НПО «Мишина Белозеров»,+77899589170,ereme70@example.com
620,юрик,Зара СНГ (Zara),+7 (287) 950-34-65,vshchukina@example.net
621,юрик,Зарубежнефть,+70484138418,valerigurev@example.com
622,юрик,ИП «Фомичев Евсеева»,+72679306959,danila_91@example.com
623,физик,Киселева Надежда Оскаровна,8 234 783 72 43,oktjabrina_1993@example.org
624,физик,Сысоев Селиван Матвеевич,86965921685,bobrovselivan@example.net
625,физик,Иларион Авдеевич Игнатов,+7 172 881 54 89,mjasnikovkirill@example.net
626,физик,Полина Кирилловна Носкова,+7 (359) 383-0000,egorovapolina@example.com
627,физик,Марков Кондрат Тихонович,+7 (860) 494-46-50,danilovlukjan@example.org
628,физик,Нина Кузьминична Мясникова,8 599 147 0476,ostromir68@example.org
629,юрик,Харитонова и партнеры,82393457582,ermakovanaina@example.net
630,физик,Святослав Артемьевич Рыбаков,8 612 859 90 50,ignatevarkadi@example.org
631,юрик,"АО «Дорофеев, Дьячков и Овчинников»",+7 693 251 6521,jzatsev@example.com
632,физик,Софрон Вилорович Фадеев,+72530862837,melnikovamarina@example.com
633,юрик,Смирнов Групп,8 529 297 6496,artem2005@example.net
634,юрик,ИП «Рожкова Евдокимов»,+7 582 395 28 13,fedothohlov@example.net
635,юрик,Мельников Лтд,+7 218 169 4700,avde2011@example.net
636,физик,Ковалева Зоя Евгеньевна,8 (145) 272-63-80,demid_61@example.net
637,физик,Елисеева Людмила Оскаровна,8 676 022 1030,venedikt_2021@example.org
638,юрик,ФортеИнвест,+70591289489,kira_1983@example.com
639,юрик,НПО «Русаков-Матвеев»,82137496773,serafim1972@example.net
640,физик,Блохин Исидор Якубович,+79072014862,moiseevarkadi@example.org
641,юрик,ООО «Якушева Дмитриев»,8 (200) 407-1475,erofekrilov@example.com
642,юрик,Северный ветер,8 130 358 59 34,boris_58@example.org
643,физик,Анжелика Наумовна Соболева,+7 (608) 961-97-21,zhuravlevjuvenali@example.net
644,физик,Коновалов Егор Бориславович,+7 046 806 37 10,porfiri44@example.org
645,юрик,НПО «Громов-Бурова»,8 537 913 9873,samsonovisidor@example.net
646,юрик,РАО «Белоусов Ефремова»,8 969 560 8414,juvenali59@example.org
647,юрик,"ООО «Доронина, Кудряшов и Степанов»",8 (909) 864-5912,clihachev@example.org
648,физик,тов. Горбачева Клавдия Васильевна,+7 667 642 40 17,vlas44@example.net
649,физик,Тихонова Варвара Георгиевна,8 695 679 8902,maksimiljan_1974@example.com
650,юрик,НПО «Мясников»,+7 859 869 51 97,agafonovboris@example.net
651,физик,Милица Захаровна Семенова,+7 426 220 81 84,rodionovhristofor@example.org
652,юрик,Кулакова Групп,+71166282264,kozlovdavid@example.net
653,юрик,ОАО «Селезнев-Константинова»,+7 (086) 804-15-73,vadim_1988@example.net
654,физик,Радован Фадеевич Кононов,+77422866082,uljannaumov@example.org
655,юрик,АО «Котова»,8 894 707 0594,pahomovavksenti@example.com
656,физик,Назар Валентинович Панфилов,+7 (613) 537-8677,shcherbakovnikita@example.com
657,физик,Горшкова Агата Аркадьевна,80822712233,fkorolev@example.com
658,юрик,ООО «Силин-Бирюков»,+73766836911,bojan_26@example.org
659,юрик,НПО «Лукин-Воронова»,82451315375,kira55@example.org
660,юрик,ЗАО «Панфилова Лебедева»,+7 458 810 75 55,bazhen58@example.com
661,физик,Козлов Борис Адамович,81704803010,azari81@example.org
662,юрик,ООО «Никитина-Андреева»,+77430369097,savelisisoev@example.org
663,физик,Зайцева Марина Харитоновна,8 297 337 2779,vasilevamaja@example.net
664,физик,Гаврила Владленович Шашков,+7 076 605 64 07,konstantin36@example.com
665,юрик,"ООО «Селезнев, Горбачева и Савин»",80443460505,xgureva@example.net
666,юрик,АО «Воробьева Вишнякова»,+7 (173) 322-8833,varvara1971@example.org
667,физик,Мечислав Федосьевич Мамонтов,+7 (982) 450-14-51,artemi90@example.net
668,юрик,Андреева Лтд,+7 (834) 412-9202,yrozhkov@example.net
669,юрик,РАО «Пестов-Гущина»,+7 (737) 312-8387,doroninhariton@example.org
670,юрик,ООО «Лазарев Семенов»,+7 897 539 2860,mokevlasov@example.net
671,физик,Гусева Людмила Эльдаровна,8 104 667 3956,solomon_2003@example.net
672,юрик,АО «Лебедев Суворов»,8 (955) 742-6264,kazimir_1981@example.org
673,физик,Зиновьев Ефим Авдеевич,+7 (833) 927-2778,feoktist_12@example.net
674,юрик,Группа ГМС,+75492386127,teteringavrila@example.com
675,физик,Радислав Филатович Зайцев,+7 (582) 143-12-28,david1982@example.net
676,юрик,Костин Инкорпорэйтед,8 353 669 3698,subbotinmartjan@example.com
677,юрик,ЗАО «Евсеев-Комаров»,+7 (182) 949-9050,maksimiljan1997@example.org
678,юрик,ЗАО «Кошелева Денисов»,+7 (837) 212-53-64,ljudmila_54@example.org
679,физик,Крылова Алевтина Тимофеевна,+7 172 973 9082,kulikovtverdislav@example.com
680,юрик,Андреев Групп,8 (847) 744-40-79,orehovfilaret@example.org
681,юрик,ЗАО «Ермаков»,+7 317 114 6321,shcherbakovivan@example.net
682,физик,Киселев Никандр Терентьевич,85500000118,lazarevakim@example.com
683,юрик,"РАО «Мартынов, Власова и Сазонов»",82508025312,aguseva@example.net
684,физик,Воронов Федор Аксёнович,89659002671,praskovja2001@example.net
685,юрик,ООО «Русаков Афанасьева»,8 (617) 341-10-46,avdeevvikenti@example.com
686,физик,Всеслав Александрович Шубин,+7 (323) 147-1299,vladimirkornilov@example.net
687,физик,Лапина Олимпиада Рудольфовна,8 (480) 900-7505,klavdi1998@example.com
688,юрик,"ОАО «Овчинникова, Симонов и Соболева»",+7 784 826 4799,karpovporfiri@example.org
689,физик,Ювеналий Валентинович Мухин,8 (869) 853-4399,pfomina@example.com
690,физик,Моисеев Якуб Арсенович,+7 (000) 103-1711,modest2000@example.com
691,юрик,"НПО «Виноградова, Гаврилов и Орехов»",8 917 498 44 20,wpetuhova@example.org
692,физик,Нина Ильинична Федорова,83283958746,veselovajulija@example.org
693,физик,Соболев Ярослав Трифонович,+72328273516,rjurik_1984@example.org
694,юрик,ИП «Жданов»,+78591491040,avde2018@example.com
695,физик,Филиппова Марина Кузьминична,+7 783 815 7895,spartak2008@example.com
696,физик,Шашкова Ия Вячеславовна,+7 998 486 6982,eleonora1983@example.org
697,физик,Яковлев Гурий Валерьянович,+7 (530) 841-1100,zabramova@example.net
698,физик,Никитин Аристарх Изотович,8 (570) 323-40-53,poljakovasofija@example.org
699,юрик,ИП «Кузнецова Мясникова»,+7 829 761 5409,maksimovselivan@example.org
700,юрик,БелАЗ-24,8 895 805 4703,galkinasvetlana@example.com
701,юрик,Мухин Групп,+7 826 003 1047,bogdanovmechislav@example.org
702,физик,тов. Кошелев Трифон Ефимович,8 (735) 637-0680,nikitinaljubov@example.com
703,юрик,РАО «Ефремова Гущина»,+7 (177) 701-5969,izmail02@example.com
704,физик,Чернова Лора Михайловна,8 270 731 03 11,simonovgorde@example.com
705,физик,Романова Светлана Тимофеевна,8 (227) 831-52-19,imishin@example.com
706,юрик,Фортум (Fortum),+7 495 341 29 12,sharovroman@example.net
707,юрик,ЗАО «Казакова Куликов»,+7 (103) 596-37-18,juvarov@example.net
708,юрик,Магнолия,8 (622) 013-0224,izottarasov@example.net
709,юрик,Башкирская содовая компания,+78372077878,jaropolkrusakov@example.net
710,юрик,ЗАО «Дроздов»,83400039478,veniamin00@example.org
711,юрик,АО «Комиссаров»,+7 (189) 451-33-19,leonti00@example.com
712,физик,Олимпиада Ивановна Афанасьева,+7 (452) 928-7850,emmanuil1974@example.net
713,юрик,АО «Игнатьева»,8 (523) 904-05-40,rogovanaina@example.net
714,юрик,ИП «Беспалов Алексеев»,+7 304 584 70 16,prokl52@example.com
715,юрик,"ИП «Мельникова, Большаков и Колобов»",84069769413,nagafonov@example.org
716,юрик,"РАО «Зимина, Ларионов и Рыбакова»",86176425359,nonna_2005@example.org
717,юрик,ООО «Харитонова Крылова»,+7 849 795 04 74,ipatisilin@example.net
718,юрик,НПО «Панова Константинов»,+7 (891) 737-82-21,fomavlasov@example.net
719,физик,Игнатьева Лукия Богдановна,+7 186 170 21 57,svetozar_61@example.net
720,физик,Ираида Евгеньевна Мамонтова,8 (823) 514-1794,kulakovnaum@example.net
721,юрик,ВымпелКом,8 458 818 83 64,vorobevafevronija@example.net
722,юрик,РАО «Петухова-Щукина»,+7 (606) 628-0369,kondratevnikifor@example.com
723,физик,Васильева Олимпиада Борисовна,+7 (477) 976-2372,sobolevsaveli@example.net
724,юрик,ИП «Лаврентьев Орлова»,8 025 338 5305,emil_2023@example.com
725,физик,Горшков Рюрик Ильич,8 (482) 034-8885,kudrjavtsevgedeon@example.net
726,физик,Изяслав Харитонович Волков,83694975223,imuhin@example.com
727,физик,Марина Никифоровна Захарова,+73430612489,bazhen96@example.net
728,юрик,ОАО «Ларионов»,+7 (393) 327-6456,zikovatamara@example.org
729,юрик,ЗАО «Фомичева Соколова»,+75177156932,fedosi_2024@example.org
730,физик,Сысоева Алла Ниловна,8 992 756 2556,osipkulikov@example.com
731,юрик,АО «Наумова»,83129647331,trofim_85@example.net
732,физик,Овчинникова Юлия Эдуардовна,81900177365,baranovalora@example.com
733,физик,Бурова Жанна Афанасьевна,+7 084 252 9737,strelkovfeoktist@example.com
734,физик,Анжела Тимуровна Бобылева,+72250906875,kiselevermola@example.com
735,юрик,Т Плюс,+79402952576,belovefim@example.net
736,физик,Никитина Марфа Филипповна,+7 (671) 414-0008,zhukovterenti@example.org
737,юрик,ООО «Савин-Костина»,80270729254,lidija_60@example.net
738,физик,Раиса Кирилловна Федосеева,+7 (392) 130-82-53,sigizmund_81@example.org
739,юрик,"ОАО «Анисимова, Исаев и Горбачева»",+7 (172) 233-5971,veronika1972@example.com
740,юрик,Кулагин Лтд,+7 623 243 6523,rozhkovilja@example.org
741,юрик,Группа Газфонд,8 (509) 094-0605,ippolit_1981@example.net
742,юрик,"ООО «Осипова, Турова и Гришина»",+73646557087,tbelov@example.com
743,физик,Ефимова Алина Юльевна,8 724 857 83 81,potapovjulian@example.net
744,юрик,ОАО «Воробьев Одинцова»,+7 (553) 300-33-40,kozlovrjurik@example.com
745,физик,Каллистрат Филатович Трофимов,8 527 272 0962,galina98@example.org
746,юрик,Ларионов Инкорпорэйтед,+7 291 707 2986,sfedotov@example.net
747,физик,Никандр Зиновьевич Меркушев,+7 425 675 84 54,david_00@example.org
748,юрик,АО «Воронов Хохлова»,+7 844 905 3535,vasilevhariton@example.org
749,физик,Прасковья Оскаровна Стрелкова,8 437 668 90 59,rturova@example.com
750,юрик,НПО «Воробьева Павлова»,+7 860 663 4022,averki_2022@example.org
751,юрик,НПО «Комиссарова Козлов»,+7 383 106 4196,danilovvalentin@example.com
752,физик,Валентин Феодосьевич Гордеев,+71440008439,tatjana53@example.com
753,физик,Елена Наумовна Савина,8 (796) 665-64-19,uvladimirov@example.com
754,физик,Алина Валентиновна Одинцова,+7 (743) 105-45-74,lsorokina@example.net
755,юрик,"ОАО «Савельева, Давыдова и Брагин»",89404226353,ziminaalevtina@example.org
756,юрик,ОАО «Копылова Воронов»,81759737813,kasjan1992@example.org
757,физик,Шаров Кузьма Теймуразович,+7 (533) 145-44-22,onufri2004@example.com
758,юрик,РАО «Новиков Логинова»,+7 (083) 385-9084,lukaorlov@example.com
759,юрик,АО «Аксенова-Соловьева»,+73085417671,kolobovsidor@example.org
760,юрик,ИП «Суханова»,83448698134,haritonovarkadi@example.org
761,физик,Быкова Мария Ивановна,+7 (643) 285-85-09,filippovjaropolk@example.net
762,физик,Светозар Игнатьевич Исаков,88264395040,apollinari1977@example.com
763,юрик,ЗАО «Филатов»,+7 (188) 060-0980,zuevaljubov@example.net
764,физик,Елена Тарасовна Симонова,8 502 401 9517,epifan2017@example.net
765,физик,Болеслав Демьянович Гущин,86236738014,seleznevilarion@example.com
766,физик,Лазарь Валентинович Тарасов,+7 (343) 381-3002,natan_1984@example.net
767,юрик,Вита Лайн,+7 (874) 026-6414,zhukovantonin@example.net
768,юрик,Квадра,85420870443,evsechernov@example.com
769,физик,Меркушева Феврония Валериевна,+70024678010,gostomisl2001@example.net
770,юрик,Северсталь,83178446761,afinogen2015@example.com
771,физик,Фокин Георгий Власович,8 (442) 920-27-33,borisovafekla@example.net
772,юрик,ГК Орими Трэйд,8 (652) 940-3312,fortunat2024@example.org
773,физик,Елизавета Вячеславовна Одинцова,+70106141278,timofe_52@example.com
774,физик,Агафья Феликсовна Хохлова,8 (278) 602-1631,pefimova@example.net
775,юрик,ЗАО «Быкова-Хохлова»,8 (219) 498-9378,andronikchernov@example.org
776,физик,Королев Никандр Анисимович,8 (326) 402-2963,erast_84@example.net
777,юрик,"ОАО «Мухин, Владимиров и Белов»",+7 205 061 2053,alekseevfrol@example.net
778,юрик,ООО «Трофимов-Савина»,+7 (132) 673-82-24,agafon58@example.com
779,юрик,Лапина и партнеры,82339124391,titseliverstov@example.org
780,физик,Аксенов Станимир Устинович,8 122 203 22 62,prohorovprov@example.org
781,юрик,АО «Щукина-Дмитриев»,8 589 268 90 65,mefodi99@example.net
782,юрик,Ферронордик машины (Ferronordic),80061821319,zueveduard@example.net
783,юрик,ОАО «Королева-Иванова»,8 436 143 72 80,osipovantip@example.com
784,юрик,НПО «Рыбаков-Воронов»,8 640 441 8987,tkabanov@example.com
785,юрик,ИП «Пономарев»,8 (614) 632-08-21,iosif_72@example.com
786,юрик,Байер,+7 (115) 184-8214,galkingerasim@example.org
787,юрик,"ОАО «Игнатова, Громова и Степанова»",8 665 319 03 33,fade78@example.org
788,физик,Егоров Поликарп Артемьевич,+7 (333) 137-16-14,varvara2013@example.net
789,физик,Евграф Трифонович Суворов,8 (444) 178-15-61,ivanna_2004@example.org
790,физик,Колобова Прасковья Дмитриевна,+7 135 997 5686,ustin_08@example.org
791,физик,Якушев Терентий Фролович,8 (135) 662-4200,labramova@example.com
792,юрик,Башкирэнерго,8 131 328 9124,boris_2011@example.org
793,физик,Жукова Евпраксия Дмитриевна,+76845886366,mechislav_07@example.net
794,физик,Анжела Никифоровна Сорокина,+7 441 757 7842,vladimirkalashnikov@example.com
795,юрик,ОАО «Фокина»,+7 517 328 8271,izjaslav_74@example.com
796,юрик,Гуляева Инкорпорэйтед,8 (292) 571-3053,gusevcheslav@example.net
797,юрик,ООО «Мишин Кузьмин»,+70622986476,mihalovantonin@example.com
798,физик,Аверьян Феофанович Власов,+7 848 356 6950,tzhuravleva@example.com
799,физик,Татьяна Харитоновна Веселова,+7 (299) 261-5509,antipefremov@example.org
800,юрик,Николаев Инкорпорэйтед,+7 (368) 445-0664,evse_81@example.net
801,юрик,АО «Моисеева»,+7 658 424 6619,alla_2006@example.com
802,юрик,"НПО «Сергеев, Киселев и Авдеева»",8 (911) 823-0631,mechislav_2008@example.net
803,физик,тов. Прохорова Иванна Робертовна,+7 (077) 896-64-93,veniamin46@example.net
804,физик,Всеволод Глебович Савельев,8 713 816 8797,kudrjavtsevaekaterina@example.net
805,физик,Ираида Федоровна Соколова,+7 (969) 853-8358,egorovkornil@example.com
806,юрик,РАО «Белов-Бобров»,8 038 494 57 26,ustin66@example.org
807,физик,Анисим Егорович Гордеев,+7 930 380 8005,izjaslav98@example.net
808,физик,Эмилия Константиновна Сазонова,+72946629348,itimofeev@example.org
809,физик,Нонна Вадимовна Турова,82574301605,kazimirsazonov@example.com
810,юрик,ИП «Зыков»,8 (490) 403-6719,imaksimova@example.net
811,физик,Горбунова Иванна Наумовна,+75142585408,osip_2013@example.org
812,физик,Доронин Аверьян Елизарович,+7 (540) 962-29-49,lazarevermil@example.com
813,юрик,"ИП «Блохина, Зуев и Степанова»",8 931 353 7170,belousovvseslav@example.org
814,юрик,ИП «Воронов»,8 (903) 718-45-16,feoktist16@example.net
815,физик,Зимин Натан Теймуразович,8 (417) 424-35-98,beljakovnatan@example.com
816,физик,Рюрик Ильич Ширяев,+7 125 266 84 20,ipat_21@example.com
817,физик,Дементьев Агафон Августович,86037421782,lazarevgeorgi@example.org
818,юрик,ООО «Савин-Ершова»,+7 (564) 731-5965,silvestr1978@example.net
819,юрик,Запсибгазпром,+74959885232,pankrat2013@example.net
820,юрик,ООО «Васильева Горбачев»,+7 829 787 54 13,hristoforsemenov@example.net
821,физик,Глафира Сергеевна Трофимова,81950605812,molchanovcheslav@example.com
822,юрик,"РАО «Яковлева, Котов и Селиверстова»",8 657 859 4323,gerasimovarseni@example.org
823,физик,тов. Галкин Мирон Тихонович,+78278132955,gerasimovafekla@example.net
824,физик,Громова Маргарита Геннадиевна,+7 (343) 523-74-73,epifan_1987@example.org
825,юрик,РАО «Волкова»,8 (098) 752-32-21,marina_2005@example.com
826,физик,Карпова Юлия Александровна,+7 743 548 8862,bolshakovleonid@example.net
827,юрик,"АО «Новиков, Устинов и Осипова»",86453131405,omedvedeva@example.com
828,физик,Макаров Софон Антонович,85588353170,shashkovpimen@example.org
829,юрик,Группа О'кей,8 (229) 066-7006,nadezhda_1996@example.net
830,физик,Аскольд Арсенович Артемьев,8 (480) 537-8461,jakushevkuzma@example.org
831,юрик,ЗАО «Владимирова Зимина»,+7 (954) 073-6409,ljubosmisl1996@example.net
832,юрик,"АО «Селиверстова, Авдеев и Тихонова»",+7 464 994 7679,ruslan34@example.com
833,юрик,Беляев Инк,8 (016) 918-83-16,fedotovnikifor@example.net
834,физик,Амвросий Тихонович Громов,+7 (902) 811-6693,markovaolimpiada@example.org
835,юрик,АО «Сидорова Сидоров»,87463893468,avde_2018@example.net
836,физик,Бирюкова Агафья Игоревна,+7 046 802 40 62,naina32@example.com
837,юрик,"НПО «Шестакова, Бирюков и Захаров»",+7 (353) 510-74-71,ernst_53@example.org
838,физик,Глеб Денисович Гурьев,8 (622) 429-4526,platonsuhanov@example.com
839,юрик,"ОАО «Журавлева, Терентьева и Рыбакова»",+7 916 865 12 17,zanisimov@example.com
840,юрик,ООО «Гусева»,8 (478) 577-06-90,timofemuhin@example.com
841,физик,Тимофеев Федот Филимонович,+7 213 340 07 66,morozovaalina@example.net
842,физик,Рожкова Анастасия Вадимовна,8 (715) 761-1916,erofenoskov@example.com
843,физик,Петров Емельян Иосифович,+7 698 810 5952,bikovfoti@example.com
844,физик,Меркушева Алла Павловна,+7 (545) 481-37-56,krasilnikovamarina@example.org
845,юрик,ЗАО «Силина»,8 (051) 785-8497,ytihonova@example.net
846,юрик,АО «Афанасьева Селиверстова»,+7 641 535 1513,lebedevafinogen@example.org
847,физик,Воронова Мария Ждановна,+79809086961,karpovagafon@example.net
848,юрик,Захаров Групп,+7 136 913 0420,vladislavlavrentev@example.com
849,физик,Макар Ермолаевич Шубин,+7 037 091 56 55,birjukovaristarh@example.org
850,юрик,Аэрофлот — Российские авиалинии,+7 (101) 465-10-63,tsvetkovnikodim@example.com
851,юрик,ООО «Гаврилов-Смирнов»,+78441329477,efremovamargarita@example.net
852,физик,Калинина Акулина Богдановна,8 894 855 97 54,jrusakov@example.net
853,юрик,Суханова и партнеры,8 199 483 4281,lkomarova@example.org
854,юрик,Константинова Инкорпорэйтед,8 (854) 197-34-82,lukija_73@example.net
855,физик,Ян Брониславович Лобанов,8 538 912 58 34,vikenti_68@example.net
856,юрик,Моисеев Групп,8 477 153 8554,braginalukija@example.org
857,физик,Потапова Анна Вадимовна,8 287 641 0552,xlavrenteva@example.com
858,юрик,"АО «Кулагина, Новикова и Фролова»",8 (394) 500-30-36,birjukovavasilisa@example.com
859,физик,Савва Ильич Миронов,+7 898 409 1824,rodion_19@example.com
860,физик,Антип Фокич Новиков,+7 590 670 70 76,savvati19@example.org
861,юрик,Уральские локомотивы,80285106947,kalininsavvati@example.org
862,юрик,ОАО «Федосеева Воронцов»,81707666715,kulakovmatve@example.net
863,физик,тов. Селиверстова Лора Семеновна,8 (397) 526-4127,alla66@example.net
864,физик,Бобылева Октябрина Даниловна,+7 934 334 4295,kuznetsovkarl@example.com
865,юрик,ООО «Романов-Филатов»,8 253 057 88 46,nadezhda1984@example.com
866,юрик,"ЗАО «Никитин, Белякова и Богданов»",+7 983 346 7342,ipatovchinnikov@example.com
867,юрик,НПО «Степанова Зайцева»,8 (574) 013-5923,nifont_1972@example.net
868,физик,Королев Максим Виленович,+7 (587) 348-5554,foma2023@example.net
869,физик,Афанасьева Жанна Архиповна,+7 189 993 37 16,filaret_93@example.com
870,юрик,ВЭБ.РФ,8 600 232 0600,nikiforovbronislav@example.org
871,юрик,Фокин и партнеры,8 (157) 638-4454,luka1983@example.org
872,юрик,НПО «Тимофеева»,+73498986201,julikulakov@example.org
873,физик,Гурьев Виссарион Феофанович,+7 (977) 570-0116,teterinvitali@example.com
874,физик,Мефодий Евсеевич Селезнев,+7 408 728 9799,gusevaanna@example.com
875,физик,Сафонова Алина Алексеевна,8 (121) 030-1816,erasteliseev@example.com
876,юрик,"РАО «Назарова, Богданова и Орлов»",8 714 573 0936,faina2019@example.org
877,юрик,"НПО «Дьячкова, Зуев и Осипова»",+7 (096) 437-8554,jaroslav38@example.com
878,физик,Галина Владиславовна Соловьева,+7 428 227 8199,anike_34@example.com
879,физик,Жуков Исидор Марсович,8 (787) 300-74-18,odintsovmiron@example.org
880,юрик,Денисов Инкорпорэйтед,83178291264,prohorovjulian@example.net
881,юрик,"НПО «Кулагин, Гришин и Ермакова»",8 (347) 731-1655,militsa63@example.org
882,физик,Август Харлампович Стрелков,+7 213 607 4495,yshubin@example.com
883,юрик,"ИП «Носкова, Стрелкова и Быков»",8 (137) 786-28-10,lavrenti58@example.com
884,юрик,ЗАО «Крылова Ильин»,8 677 926 7690,emeljanovradim@example.com
885,юрик,"НПО «Белоусов, Селезнева и Беляева»",8 129 568 4022,efim_94@example.com
886,юрик,Гиперглобус (Bruch-Beteiligungs),8 (601) 821-2661,tpotapov@example.org
887,юрик,"ОАО «Сазонов, Одинцов и Шилов»",8 (247) 611-1583,orest1996@example.com
888,физик,Фома Артурович Анисимов,8 376 318 7488,kuzminapelageja@example.net
889,физик,Миронова Нонна Владиславовна,8 225 730 78 96,xtihonova@example.net
890,юрик,Нефтехимсервис,8 657 966 80 73,ustin79@example.org
891,юрик,Карпов Лимитед,8 735 620 2855,firs_1993@example.net
892,физик,Георгий Теймуразович Васильев,8 879 069 74 90,litkinserge@example.com
893,юрик,ООО «Нестеров»,+7 (602) 555-39-06,gusevhariton@example.net
894,физик,тов. Горбачева Вера Ильинична,+7 517 929 5318,efimmironov@example.com
895,физик,София Ниловна Смирнова,8 (302) 576-0816,gerasimovmarian@example.com
896,физик,Алевтина Романовна Степанова,+76977214306,muravevstojan@example.net
897,физик,Тарасов Трифон Ефремович,8 097 612 3620,kulaginkondrati@example.org
898,юрик,ОАО «Тихонов»,+7 386 029 58 44,ffokina@example.org
899,юрик,Котова Лтд,8 682 151 5099,ermola_79@example.org
900,юрик,НПО «Кошелев»,8 688 905 8885,evsemakarov@example.net
901,физик,Галина Сергеевна Андреева,8 (188) 247-94-83,kulikovamarina@example.net
902,юрик,Гуляев Инк,+7 (306) 101-21-94,bojan2008@example.com
903,физик,Вишнякова Милица Рубеновна,+7 (600) 503-78-58,ipatilobanov@example.com
904,юрик,АО «Попова»,8 496 626 3223,samsonguljaev@example.com
905,юрик,"НПО «Миронов, Мишин и Одинцова»",+7 (618) 339-9483,iraida_28@example.net
906,юрик,Омега Групп,+73935914682,atarasov@example.com
907,физик,Оксана Владимировна Гусева,8 150 404 7088,evstignegusev@example.org
908,физик,Евлампий Венедиктович Носков,8 (071) 234-32-80,sazonovostap@example.com
909,юрик,НПО «Никифоров»,8 (540) 843-1370,strelkovtimofe@example.net
910,юрик,АО «Белова»,8 (658) 293-82-30,mina_2003@example.com
911,юрик,ИП «Артемьева-Баранов»,+78144023951,azari_1992@example.net
912,юрик,ЗАО «Жданов Капустина»,89916585753,kallistratvasilev@example.com
913,юрик,Группа Мэйджор,+7 397 725 0008,pantelemon2010@example.net
914,юрик,НПО «Зимина»,8 (460) 414-9419,isakovradovan@example.net
915,физик,Модест Харламович Дорофеев,8 889 873 2372,nifont1979@example.net
916,физик,Ольга Александровна Денисова,+76825577015,elena1990@example.com
917,физик,Денис Юльевич Ширяев,+79373612830,juli_2005@example.net
918,физик,Морозов Христофор Антипович,8 381 928 5955,golubevvjacheslav@example.com
919,юрик,ООО «Смирнова-Шарова»,8 163 057 2961,semenovmili@example.org
920,юрик,РАО «Симонова-Соболев»,8 (245) 419-5413,pahom84@example.net
921,физик,Константинов Прохор Жанович,+7 (810) 277-66-78,vadimkornilov@example.com
922,физик,Лора Васильевна Анисимова,+76459885280,paramondanilov@example.com
923,юрик,Завод имени Дегтярева,+7 (680) 785-96-55,evstigne90@example.com
924,юрик,ИП «Александрова-Лихачев»,+7 (295) 760-45-10,gremislav16@example.org
925,юрик,РАО «Кабанов-Крюкова»,+7 826 334 83 95,seliverst_2022@example.net
926,юрик,Проктер Энд Гэмбл. Дистрибьюторская компания (Procter & Gamble),+7 (301) 812-99-71,vikenti2013@example.org
927,физик,Андреева Вероника Эльдаровна,81770581215,jaropolk2002@example.net
928,физик,Лыткина Анжела Александровна,8 (233) 111-0783,sitnikovipat@example.com
929,юрик,"РАО «Сазонов, Хохлов и Фадеев»",+7 964 788 73 23,luchezar39@example.net
930,юрик,Металлоторг,+7 (597) 943-0122,spiridon_22@example.com
931,физик,Кондратьева Синклитикия Филипповна,+7 676 731 6538,ermola_1980@example.com
932,юрик,ООО «Сорокина Прохоров»,+7 (145) 925-55-45,bolshakovboleslav@example.com
933,юрик,"АО «Трофимова, Симонов и Зыков»",+72753806958,guljaevaolga@example.net
934,физик,Фаина Станиславовна Петрова,+7 (340) 269-18-35,anikita_90@example.com
935,юрик,"АО «Блинов, Меркушева и Ширяева»",+7 320 448 0423,anna1974@example.org
936,физик,Архипова Глафира Эдуардовна,+73362197857,ofedotov@example.com
937,юрик,ОАО «Красильников-Евдокимова»,8 945 175 2401,rusakovaevgenija@example.net
938,юрик,Группа Рольф,8 820 637 74 02,kolesnikovamarina@example.com
939,юрик,"ЗАО «Медведева, Никифорова и Тарасов»",8 168 772 99 14,agata1985@example.com
940,физик,Никон Фомич Семенов,8 (817) 668-4130,zhanna_64@example.com
941,физик,Селиверст Анатольевич Воробьев,8 (515) 116-59-64,hohlovaregina@example.com
942,физик,Федосеев Эммануил Данилович,+7 (195) 842-04-08,evstafi_53@example.com
943,юрик,Муравьев Лимитед,+79978935859,ladimir11@example.org
944,физик,Эмилия Кузьминична Жданова,+70735390446,vasili_1976@example.net
945,физик,Ерофей Августович Потапов,+7 906 516 2884,ladimir_1976@example.org
946,юрик,Коновалов Инкорпорэйтед,8 (324) 228-0151,vorontsovuljan@example.org
947,юрик,ОАО «Вишнякова-Жданов»,+7 060 544 50 99,milenfokin@example.com
948,физик,Андреев Викентий Измаилович,8 695 672 6816,loginovafevronija@example.net
949,юрик,ООО «Тетерина Сафонов»,+7 292 087 30 46,ivannesterov@example.com
950,юрик,АО «Устинова-Дорофеев»,8 686 205 68 63,bazhenrogov@example.com
951,физик,Евгения Афанасьевна Сергеева,8 999 368 80 77,demjansidorov@example.org
952,юрик,"ОАО «Лихачев, Афанасьев и Маркова»",+7 177 960 13 37,korolevadrian@example.net
953,юрик,ОАО «Ильина»,8 887 480 06 84,efim_2013@example.org
954,юрик,АО «Ларионова-Соловьева»,+76571987389,efim_68@example.org
955,физик,Мария Макаровна Доронина,+71310610970,artem2015@example.org
956,юрик,Бурова Лтд,+7 (224) 152-5062,vsemil_1982@example.net
957,юрик,"РАО «Герасимов, Комарова и Жукова»",+7 609 450 83 70,zosimakolobov@example.org
958,юрик,"ЗАО «Агафонова, Чернова и Трофимова»",+7 609 447 92 64,blohinaanzhelika@example.net
959,физик,Мина Юльевич Русаков,+7 965 323 2492,tretjakovaalla@example.net
960,юрик,"АО «Макаров, Абрамов и Куликов»",8 (847) 769-76-32,kuzma2004@example.org
961,юрик,Макдоналдc (McDonald`s),+7 (920) 420-94-79,feliks_1971@example.com
962,юрик,НПО «Елисеева»,8 (882) 155-9989,antip2013@example.org
963,юрик,ООО «Дроздова»,8 (199) 369-8533,antonin_18@example.com
964,юрик,ООО «Ефремова-Якушев»,+78920617272,grigorevaagafja@example.net
965,юрик,АО «Дмитриев»,+7 (231) 009-2898,zosima_92@example.org
966,физик,Макар Еремеевич Игнатов,8 (879) 316-7654,izmailpahomov@example.net
967,физик,Цветкова Алла Архиповна,8 (682) 454-54-67,larisa2014@example.org
968,юрик,Мечел,+7 513 398 15 12,borislav_12@example.com
969,юрик,"ОАО «Веселова, Щукина и Лобанова»",+7 615 491 55 40,selivan2000@example.org
970,физик,Октябрина Мироновна Нестерова,+78236777854,jan_96@example.org
971,физик,Спартак Алексеевич Гаврилов,+7 162 602 8201,sevdokimov@example.org
972,юрик,Лукина Групп,82956041602,komissarovipati@example.net
973,физик,Маргарита Степановна Харитонова,8 (122) 286-03-20,ermakovferapont@example.com
974,юрик,РАО «Ковалев»,8 794 785 83 49,sidoraleksandrov@example.net
975,юрик,ОАО «Аксенов-Сафонов»,+7 109 314 0655,vissarion1986@example.org
976,физик,Тимофеев Илья Денисович,+7 (892) 384-0115,dmitrizikov@example.com
977,юрик,"НПО «Жданова, Анисимов и Абрамова»",8 108 798 93 92,sovchinnikova@example.net
978,физик,Макаров Леонид Антипович,+7 350 375 7809,kulikovapraskovja@example.net
979,физик,Соколов Еремей Иосипович,+79423253893,georgi_2002@example.com
980,физик,Захарова Зоя Геннадиевна,+7 045 877 07 58,zatsevvalentin@example.org
981,юрик,Нестле Россия (Nestle),+72711612683,darja_1996@example.org
982,юрик,Кузнецова Лтд,+7 377 171 19 75,vinogradovaelena@example.com
983,юрик,ООО «Исакова»,8 911 286 5732,yzinoveva@example.org
984,юрик,Котова Инкорпорэйтед,88691237133,fadeevaagafja@example.com
985,юрик,ООО «Борисова Самсонов»,85371992080,milanstepanov@example.net
986,юрик,НПО «Смирнова Власов»,8 (010) 613-73-35,subbotinvelimir@example.net
987,физик,Савватий Ефимьевич Молчанов,8 454 632 75 96,juribelozerov@example.org
988,физик,Ульяна Афанасьевна Блинова,8 801 030 73 73,rbeljaeva@example.net
989,юрик,Дж.Т.И. Россия (JTI),8 372 542 9775,fortunat_09@example.net
990,физик,Дьячкова Оксана Олеговна,8 (535) 961-45-56,isafonova@example.net
991,юрик,Федорова и партнеры,+7 748 868 8294,ivanna_08@example.org
992,юрик,ИП «Петров-Молчанов»,8 494 812 2815,nikanor_1998@example.net
993,физик,Феврония Аркадьевна Русакова,+7 664 992 67 32,ivanovbogdan@example.org
994,юрик,АО «Аксенов»,8 (490) 939-2902,veselovanatalja@example.com
995,юрик,ЗАО «Сафонова Лобанов»,+7 (371) 904-6983,akulina2015@example.com
996,физик,Сидоров Нифонт Игоревич,+7 (311) 563-59-95,izjaslav45@example.com
997,физик,Аксенова Лариса Павловна,8 538 320 2064,vasilisa49@example.com
998,юрик,"ИП «Быков, Федотов и Красильникова»",+7 (246) 157-7166,bikovpavel@example.org
999,юрик,АО «Исакова-Дмитриев»,81079903204,vitali74@example.com
1000,физик,Новиков Галактион Давыдович,+7 (900) 347-55-40,minarogov@example.net
